bitki,grup,delta,model,test
0,asiri,0.00036108680285174,ecgfm_rastgele_t2,ana
1,asiri,0.02323641414305111,ecgfm_rastgele_t2,ana
2,asiri,-0.004951256502704449,ecgfm_rastgele_t2,ana
3,asiri,0.034135074868206106,ecgfm_rastgele_t2,ana
4,kontrol,0.010117830521167326,ecgfm_rastgele_t2,ana
5,kontrol,-0.08881240796623768,ecgfm_rastgele_t2,ana
6,kontrol,-0.018155295007004857,ecgfm_rastgele_t2,ana
7,kontrol,0.18175923446620879,ecgfm_rastgele_t2,ana
8,200,0.011219191049104404,ecgfm_rastgele_t2,ana
9,200,0.11662609268759766,ecgfm_rastgele_t2,ana
10,200,-0.018536417505415903,ecgfm_rastgele_t2,ana
11,200,-0.24849651105793785,ecgfm_rastgele_t2,ana
12,100,0.0608738111785988,ecgfm_rastgele_t2,ana
13,100,-0.13100321850800628,ecgfm_rastgele_t2,ana
14,100,-0.04632023422742326,ecgfm_rastgele_t2,ana
15,100,-0.03253940527791621,ecgfm_rastgele_t2,ana
0,asiri,0.028472523245334336,ecgfm_rastgele_t2,plasebo
1,asiri,0.05365659709584503,ecgfm_rastgele_t2,plasebo
2,asiri,-0.296453405226346,ecgfm_rastgele_t2,plasebo
3,asiri,0.05710358110407249,ecgfm_rastgele_t2,plasebo
4,kontrol,0.11930444682569985,ecgfm_rastgele_t2,plasebo
5,kontrol,-0.0385809443728633,ecgfm_rastgele_t2,plasebo
6,kontrol,0.13539834004767737,ecgfm_rastgele_t2,plasebo
7,kontrol,0.2733195351656056,ecgfm_rastgele_t2,plasebo
8,200,-0.019345228780858592,ecgfm_rastgele_t2,plasebo
9,200,0.19476586395501577,ecgfm_rastgele_t2,plasebo
10,200,0.14148321649547035,ecgfm_rastgele_t2,plasebo
11,200,0.2600175546043028,ecgfm_rastgele_t2,plasebo
12,100,0.179189940347308,ecgfm_rastgele_t2,plasebo
13,100,0.05635046180451109,ecgfm_rastgele_t2,plasebo
14,100,-0.005179067110197999,ecgfm_rastgele_t2,plasebo
15,100,0.33153563196988456,ecgfm_rastgele_t2,plasebo
0,asiri,-0.06680561250910999,ecgfm_rastgele_t3,ana
1,asiri,-0.011932792094174416,ecgfm_rastgele_t3,ana
2,asiri,-0.021424029717252657,ecgfm_rastgele_t3,ana
3,asiri,0.007208623431456229,ecgfm_rastgele_t3,ana
4,kontrol,0.05489643822799928,ecgfm_rastgele_t3,ana
5,kontrol,-0.15674541725323743,ecgfm_rastgele_t3,ana
6,kontrol,-0.07193918339819494,ecgfm_rastgele_t3,ana
7,kontrol,0.13915904672725876,ecgfm_rastgele_t3,ana
8,200,0.07889298326716304,ecgfm_rastgele_t3,ana
9,200,0.036117400287491774,ecgfm_rastgele_t3,ana
10,200,0.0029668161706538076,ecgfm_rastgele_t3,ana
11,200,-0.2490005346860229,ecgfm_rastgele_t3,ana
12,100,0.08722227612806943,ecgfm_rastgele_t3,ana
13,100,-0.16680808188706492,ecgfm_rastgele_t3,ana
14,100,-0.022945150701849437,ecgfm_rastgele_t3,ana
15,100,-0.05996004189119264,ecgfm_rastgele_t3,ana
0,asiri,-0.12623414070936956,ecgfm_rastgele_t3,plasebo
1,asiri,0.16831809734624315,ecgfm_rastgele_t3,plasebo
2,asiri,-0.28861428328237526,ecgfm_rastgele_t3,plasebo
3,asiri,0.08211904709366552,ecgfm_rastgele_t3,plasebo
4,kontrol,0.1790605060366155,ecgfm_rastgele_t3,plasebo
5,kontrol,0.0598318544976022,ecgfm_rastgele_t3,plasebo
6,kontrol,0.2655134890899047,ecgfm_rastgele_t3,plasebo
7,kontrol,0.2670666490374063,ecgfm_rastgele_t3,plasebo
8,200,0.02062514745313332,ecgfm_rastgele_t3,plasebo
9,200,0.10105443252235918,ecgfm_rastgele_t3,plasebo
10,200,0.18842123438311742,ecgfm_rastgele_t3,plasebo
11,200,0.10015368543579034,ecgfm_rastgele_t3,plasebo
12,100,0.13451755148853323,ecgfm_rastgele_t3,plasebo
13,100,0.3206902873139566,ecgfm_rastgele_t3,plasebo
14,100,-0.016400850146245705,ecgfm_rastgele_t3,plasebo
15,100,0.23015669955298002,ecgfm_rastgele_t3,plasebo
0,asiri,-0.009350646302625498,ecgfm_rastgele_t4,ana
1,asiri,-0.09451263803259657,ecgfm_rastgele_t4,ana
2,asiri,0.03264095535878342,ecgfm_rastgele_t4,ana
3,asiri,-0.018923650571617046,ecgfm_rastgele_t4,ana
4,kontrol,0.08833353269982958,ecgfm_rastgele_t4,ana
5,kontrol,-0.101432355457862,ecgfm_rastgele_t4,ana
6,kontrol,-0.11737938747394161,ecgfm_rastgele_t4,ana
7,kontrol,0.1203113504454989,ecgfm_rastgele_t4,ana
8,200,-0.06885981053330537,ecgfm_rastgele_t4,ana
9,200,-0.028432041731080937,ecgfm_rastgele_t4,ana
10,200,-0.04029185954736014,ecgfm_rastgele_t4,ana
11,200,-0.20951681846263298,ecgfm_rastgele_t4,ana
12,100,0.004389115555367806,ecgfm_rastgele_t4,ana
13,100,-0.16102456233604157,ecgfm_rastgele_t4,ana
14,100,0.0013415036111872336,ecgfm_rastgele_t4,ana
15,100,-0.16267226987205108,ecgfm_rastgele_t4,ana
0,asiri,-0.17057817478519283,ecgfm_rastgele_t4,plasebo
1,asiri,0.14631567201634016,ecgfm_rastgele_t4,plasebo
2,asiri,-0.2647514997459015,ecgfm_rastgele_t4,plasebo
3,asiri,0.11748550209962982,ecgfm_rastgele_t4,plasebo
4,kontrol,0.18891813218521425,ecgfm_rastgele_t4,plasebo
5,kontrol,0.09746821705577602,ecgfm_rastgele_t4,plasebo
6,kontrol,0.33250625170246717,ecgfm_rastgele_t4,plasebo
7,kontrol,0.1831130607046786,ecgfm_rastgele_t4,plasebo
8,200,0.06010417440381949,ecgfm_rastgele_t4,plasebo
9,200,0.289849025074274,ecgfm_rastgele_t4,plasebo
10,200,0.065203882215628,ecgfm_rastgele_t4,plasebo
11,200,0.3178550135028015,ecgfm_rastgele_t4,plasebo
12,100,0.17994994866220654,ecgfm_rastgele_t4,plasebo
13,100,0.15221205387226056,ecgfm_rastgele_t4,plasebo
14,100,-0.040632551371080294,ecgfm_rastgele_t4,plasebo
15,100,0.13900011424452718,ecgfm_rastgele_t4,plasebo
0,asiri,-0.09006681242675496,ecgfm_rastgele_t5,ana
1,asiri,-0.09166500488877449,ecgfm_rastgele_t5,ana
2,asiri,0.015335036889510878,ecgfm_rastgele_t5,ana
3,asiri,0.012472823779740794,ecgfm_rastgele_t5,ana
4,kontrol,-0.06291462173967632,ecgfm_rastgele_t5,ana
5,kontrol,-0.050542788451337195,ecgfm_rastgele_t5,ana
6,kontrol,-0.11826172237001187,ecgfm_rastgele_t5,ana
7,kontrol,0.07697410933019411,ecgfm_rastgele_t5,ana
8,200,0.03311848002360307,ecgfm_rastgele_t5,ana
9,200,-0.0024204732117684147,ecgfm_rastgele_t5,ana
10,200,-0.0011473123296085186,ecgfm_rastgele_t5,ana
11,200,-0.10518754890123433,ecgfm_rastgele_t5,ana
12,100,0.06859456246045459,ecgfm_rastgele_t5,ana
13,100,-0.07952768141566302,ecgfm_rastgele_t5,ana
14,100,-0.0903001737296032,ecgfm_rastgele_t5,ana
15,100,-0.09155208077092625,ecgfm_rastgele_t5,ana
0,asiri,0.042950826708958,ecgfm_rastgele_t5,plasebo
1,asiri,0.10484705583905363,ecgfm_rastgele_t5,plasebo
2,asiri,-0.12345955480776816,ecgfm_rastgele_t5,plasebo
3,asiri,0.03242643576765625,ecgfm_rastgele_t5,plasebo
4,kontrol,0.2403405980855916,ecgfm_rastgele_t5,plasebo
5,kontrol,0.12481433137892362,ecgfm_rastgele_t5,plasebo
6,kontrol,-0.042339311165691784,ecgfm_rastgele_t5,plasebo
7,kontrol,0.3073520069747,ecgfm_rastgele_t5,plasebo
8,200,-0.018320205335029482,ecgfm_rastgele_t5,plasebo
9,200,0.1887306045433539,ecgfm_rastgele_t5,plasebo
10,200,-0.03837328465783574,ecgfm_rastgele_t5,plasebo
11,200,0.2967983662136282,ecgfm_rastgele_t5,plasebo
12,100,0.11563971279882251,ecgfm_rastgele_t5,plasebo
13,100,0.1955475110649948,ecgfm_rastgele_t5,plasebo
14,100,-0.15532499291209279,ecgfm_rastgele_t5,plasebo
15,100,0.31647977939496674,ecgfm_rastgele_t5,plasebo
