model,test,r,p,delta_kontrol,delta_200,delta_100,delta_asiri
ecgfm,ana,0.1478280989972706,0.3333333333333333,0.0145214344513387,0.1587883484011956,0.1179456287917136,0.1064620817731323
ecgfm,plasebo,0.0886968593983623,0.4444444444444444,0.0336189968250504,0.076040202869624,0.0811319165319588,0.1159558425420028
ecgfm_rastgele_t1,ana,-0.1478280989972706,0.5666666666666667,-0.0280522630727557,-0.0305444494923238,-0.0662878556620635,-0.010753447070872
ecgfm_rastgele_t1,plasebo,-0.236524958395633,0.8555555555555555,0.1680014706826059,0.1580057067812539,0.0758602453850314,-0.1001927035458444
ecgfm_rastgele_t2,ana,-0.2660905781950872,0.7555555555555555,0.0212273405035333,-0.0347969112066629,-0.0372472617086867,0.0131953298278511
ecgfm_rastgele_t2,plasebo,0.1182624791978165,0.4444444444444444,0.1223603444165298,0.1442303515684825,0.1404742417528764,-0.0393051759452735
ecgfm_rastgele_t3,ana,-0.1182624791978165,0.5444444444444444,-0.0086572789240435,-0.0327558337401785,-0.0406227495880093,-0.0232384527222702
ecgfm_rastgele_t3,plasebo,-0.0886968593983623,0.5888888888888889,0.1928681246653821,0.1025636249486,0.167240922052306,-0.041102819887959
ecgfm_rastgele_t4,ana,-0.236524958395633,0.7888888888888889,-0.0025417149466187,-0.0867751325685948,-0.0794915532603844,-0.0225364948870139
ecgfm_rastgele_t4,plasebo,-0.4139186771923578,0.8777777777777778,0.200501415412034,0.1832530237991307,0.1076323913519785,-0.042882125103781
ecgfm_rastgele_t5,ana,-0.0886968593983623,0.5222222222222223,-0.0386862558077078,-0.018909213604752,-0.0481963433639344,-0.0384809891615694
ecgfm_rastgele_t5,plasebo,-0.0591312395989082,0.6555555555555556,0.1575419063183808,0.1072088701910292,0.1180855025866728,0.0141911908769749
ekg,ana,0.6208780157885367,0.0444444444444444,-0.1132534356238087,0.0022129594244715,0.1536195433613209,0.0332481933628644
ekg,plasebo,-0.1182624791978165,0.5777777777777777,0.0729498750063919,-0.1271664619045628,0.03712327756279,-0.2488636079496672
lightgbm,ana,0.2956561979945413,0.3,0.0439835308984844,0.440279538756448,0.1897679816219057,-0.1062733154912189
lightgbm,plasebo,0.1773937187967247,0.3555555555555555,-0.0422323490728239,0.0875712423945893,0.0131024785205495,-0.0281659861587831
rastgele_t1,ana,0.0886968593983623,0.3888888888888889,-0.0177680704060508,-0.0608935053608527,0.0585897134695815,-0.0126693973625241
rastgele_t1,plasebo,0.680009255387445,0.0111111111111111,-0.0400414728581745,0.1846863639137445,0.3288476607495078,-0.1645738117895323
rastgele_t2,ana,-0.236524958395633,0.7,0.0109090455561071,-0.0018503176320888,-0.0483160333449698,-0.0531930798661911
rastgele_t2,plasebo,0.680009255387445,0.0222222222222222,0.0384029248265756,0.0609420851639791,0.3509732435776039,-0.0806261001927927
rastgele_t3,ana,0.2660905781950872,0.1555555555555555,-0.0484817838360468,-0.0192369548238132,0.0101252906860333,-0.0575236467442492
rastgele_t3,plasebo,0.0295656197994541,0.4444444444444444,0.1349365307876979,0.0429354210970278,0.1902200143224381,-0.1133672775636243
rastgele_t4,ana,-0.0591312395989082,0.5444444444444444,-0.0825793508323901,-0.032252728927802,-0.1028453639849042,-0.0289886584499316
rastgele_t4,plasebo,0.5321811563901744,0.0444444444444444,0.0718777272994301,0.0451513324920461,0.2796994019253552,-0.0612511862338047
rastgele_t5,ana,-0.4434842969918119,0.8777777777777778,-0.0315891244011671,-0.0338108753322259,-0.1074872609319185,-0.0879178258449612
rastgele_t5,plasebo,0.4434842969918119,0.1444444444444444,0.1384890832793222,0.1469602135525985,0.3228395730955284,-0.1024682625350378
