gun,100,200,asiri,kontrol,model
2025-06-04,0.7139879469623654,0.355093624545944,0.6508470496319132,0.5774239885308383,ecgfm
2025-06-05,0.5276282811884961,0.4435917522967529,0.6315001636147242,0.6664078851961841,ecgfm
2025-06-06,0.559524692833139,0.548653930065775,0.6045188299040396,0.6487553715927044,ecgfm
2025-06-07,0.5251940132587926,0.2063425931469987,0.7035461051917186,0.6848339243834872,ecgfm
2025-06-08,0.4661750971140144,0.4921868119427461,0.4771245450207623,0.7463124339014809,ecgfm
2025-06-09,0.6510117605029435,0.3891765892348362,0.7912593067589812,0.7832566478067742,ecgfm
2025-06-10,0.7374509011877439,0.5250737841246934,0.7127967309051485,0.859390042685607,ecgfm
2025-06-11,0.4523950721845275,0.5910077527706028,0.744328492928323,0.7832904054902466,ecgfm
2025-06-12,0.481553583592018,0.5170117278193203,0.7974849760951841,0.8327003870868704,ecgfm
2025-06-13,0.547085375982438,0.3971162168923055,0.7481078792246809,0.6491624891490958,ecgfm
2025-06-14,0.7463074891489664,0.5617327429997409,0.7382677468656504,0.6472490399312196,ecgfm
2025-06-15,0.5856508611971026,0.5487170253561828,0.7791492387448213,0.7787449249926338,ecgfm
2025-06-16,0.5400486026938618,0.4433996125726021,0.7313555675188009,0.7127981637324338,ecgfm
2025-06-17,0.7232020902127564,0.5297177674061265,0.8120274871701259,0.6782680739018998,ecgfm
2025-06-18,0.5775642759402024,0.5486630028832821,0.7052954197359484,0.7250522690488089,ecgfm
2025-06-19,0.7731462869345589,0.6235009533250838,0.7352591069116059,0.5969513895060506,ecgfm
2025-06-20,0.6950041808067032,0.6919205375793842,0.5175281343040162,0.5915677527554885,ecgfm
2025-06-21,0.8020605130729086,0.6054060821121332,0.747840409604934,0.7115954516221557,ecgfm
2025-06-04,0.6820347026661786,0.5129625298874418,0.7261678315467803,0.5887311543581263,ecgfm_rastgele_t1
2025-06-05,0.6611809502375958,0.4192853814476599,0.7050000230686049,0.6323630411549315,ecgfm_rastgele_t1
2025-06-06,0.7030153801364752,0.607252845645659,0.6119332455641311,0.8013036158659322,ecgfm_rastgele_t1
2025-06-07,0.7082567609230213,0.4804102339443832,0.7001298744846041,0.6734478677911928,ecgfm_rastgele_t1
2025-06-08,0.6555499422649023,0.7039700829521583,0.6412093509207918,0.7534416074633815,ecgfm_rastgele_t1
2025-06-09,0.6097355326590965,0.5769644080177813,0.6598969414816492,0.7377273957791803,ecgfm_rastgele_t1
2025-06-10,0.5746027063813537,0.5775050013949372,0.7599591800904557,0.7550781950448391,ecgfm_rastgele_t1
2025-06-11,0.5607493133951957,0.4828265338524767,0.6434798424662461,0.7970480309729475,ecgfm_rastgele_t1
2025-06-12,0.5170520233159732,0.4223268213084231,0.808562767260291,0.6713171558441999,ecgfm_rastgele_t1
2025-06-13,0.6348302904281018,0.4207820259303934,0.650035325640798,0.689084507621325,ecgfm_rastgele_t1
2025-06-14,0.6891793479874496,0.5575660151549382,0.7280472573231632,0.70469093567242,ecgfm_rastgele_t1
2025-06-15,0.5412256531036398,0.5096163160311393,0.7729187472663033,0.8266082566434578,ecgfm_rastgele_t1
2025-06-16,0.6355849512196123,0.5239696894398671,0.7190864583465116,0.6949203540495801,ecgfm_rastgele_t1
2025-06-17,0.593694083635469,0.4330761041030413,0.7421702934345688,0.6443979368907242,ecgfm_rastgele_t1
2025-06-18,0.4736035421760702,0.622409973123696,0.588059816607496,0.6956947311426713,ecgfm_rastgele_t1
2025-06-19,0.6663838502325593,0.5132759746243127,0.4421074969354581,0.503005436170448,ecgfm_rastgele_t1
2025-06-20,0.6485916500494011,0.440297939708471,0.5535639634904124,0.6691722082460417,ecgfm_rastgele_t1
2025-06-21,0.698086041824633,0.5134455583451244,0.8221190086045906,0.5206671955370985,ecgfm_rastgele_t1
2025-06-04,0.6264176365604477,0.5528799422072974,0.6963697308384084,0.6215491941031033,ecgfm_rastgele_t2
2025-06-05,0.6066436543086425,0.4846716228716445,0.6711732694838318,0.6043752552715541,ecgfm_rastgele_t2
2025-06-06,0.5900681145315251,0.538480068330356,0.6124774607576016,0.7929706178839878,ecgfm_rastgele_t2
2025-06-07,0.7051067225113905,0.5299453074163273,0.700869693847854,0.6448129166444873,ecgfm_rastgele_t2
2025-06-08,0.6204405829375801,0.5220864059261772,0.5623836009299041,0.7624429823768563,ecgfm_rastgele_t2
2025-06-09,0.614319033946643,0.5610461284002376,0.6477456476284739,0.6514103006959505,ecgfm_rastgele_t2
2025-06-10,0.5099088641141988,0.4798984202711056,0.7055823867886918,0.8084407579826162,ecgfm_rastgele_t2
2025-06-11,0.5785632162218773,0.4874515931649282,0.6660818927255651,0.761799813303787,ecgfm_rastgele_t2
2025-06-12,0.5204369827101146,0.4528354230334491,0.7464116371355698,0.6187079268960025,ecgfm_rastgele_t2
2025-06-13,0.5943829413486896,0.4149244075126781,0.6983615228414826,0.7177008524347602,ecgfm_rastgele_t2
2025-06-14,0.5937048733365543,0.5481864075482931,0.777296041540883,0.7564092972639024,ecgfm_rastgele_t2
2025-06-15,0.5701610044217209,0.4755565623767488,0.7638210229673075,0.7951339706891806,ecgfm_rastgele_t2
2025-06-16,0.5459856927242128,0.4562974319982205,0.777082402026523,0.7167465196779277,ecgfm_rastgele_t2
2025-06-17,0.634578678334648,0.38145938997113,0.6816124462043671,0.6839162318075659,ecgfm_rastgele_t2
2025-06-18,0.4866253408733828,0.5221516033896645,0.5917183805703605,0.7321366382237849,ecgfm_rastgele_t2
2025-06-19,0.6611424018424519,0.4880795298186617,0.4656131027938263,0.6007853778356135,ecgfm_rastgele_t2
2025-06-20,0.6581342877290113,0.5472488750693517,0.5053405700771104,0.7058671113003216,ecgfm_rastgele_t2
2025-06-21,0.5886004590834059,0.51312310058878,0.7558055487529972,0.6454009864507596,ecgfm_rastgele_t2
2025-06-04,0.5607225906079394,0.4795801108218694,0.7166678678612712,0.6366833237051569,ecgfm_rastgele_t3
2025-06-05,0.6422661866822701,0.4771179445308681,0.6847737511208265,0.6244715334459976,ecgfm_rastgele_t3
2025-06-06,0.5878013904521278,0.572839804273654,0.576741907778391,0.7660108507393364,ecgfm_rastgele_t3
2025-06-07,0.6540387625567067,0.4582047452250009,0.6397496491068407,0.7307851407301098,ecgfm_rastgele_t3
2025-06-08,0.5597424025839909,0.6363128012508619,0.6071122038821873,0.6830388529341482,ecgfm_rastgele_t3
2025-06-09,0.5952308146912421,0.6083092236266425,0.602844803885422,0.7405923032905488,ecgfm_rastgele_t3
2025-06-10,0.5405851330732201,0.5142442939421141,0.702892952513765,0.7121295764953419,ecgfm_rastgele_t3
2025-06-11,0.5878512914706142,0.4607195070657832,0.721779011603896,0.8116946258623882,ecgfm_rastgele_t3
2025-06-12,0.4225698587899059,0.3591319771564637,0.7786049498637967,0.7348304825662528,ecgfm_rastgele_t3
2025-06-13,0.6375600003604315,0.4009018547188035,0.538734539637136,0.6353971472339469,ecgfm_rastgele_t3
2025-06-14,0.550847199219698,0.5368881809649556,0.6864479549583823,0.7097196723403862,ecgfm_rastgele_t3
2025-06-15,0.5156524328095352,0.5029194685979261,0.7185800969938785,0.7734372114291496,ecgfm_rastgele_t3
2025-06-16,0.5167937698832548,0.4224928740189742,0.6316146889780941,0.7106089978851232,ecgfm_rastgele_t3
2025-06-17,0.5996095153144982,0.400438093914025,0.6962423317728653,0.6516580224520732,ecgfm_rastgele_t3
2025-06-18,0.4745440853363419,0.5214833482037684,0.5573292778311156,0.7729531431967983,ecgfm_rastgele_t3
2025-06-19,0.6266648101433792,0.5366718651514119,0.4547797872922291,0.5170856629574411,ecgfm_rastgele_t3
2025-06-20,0.5843885234552005,0.5020864127741311,0.4556334262636616,0.7042173581497365,ecgfm_rastgele_t3
2025-06-21,0.6316785606662977,0.5205972324625577,0.8241263545652394,0.5690134097837535,ecgfm_rastgele_t3
2025-06-04,0.6819331140320013,0.559972504198141,0.6596509202651999,0.6777696880405303,ecgfm_rastgele_t4
2025-06-05,0.678949796747249,0.5033499291523389,0.7259669239325058,0.6858987509418297,ecgfm_rastgele_t4
2025-06-06,0.6800180437637046,0.5784466282335764,0.6672036089330268,0.8108053604991661,ecgfm_rastgele_t4
2025-06-07,0.7398314025700389,0.4982603101515875,0.7509940050123517,0.7642313330395725,ecgfm_rastgele_t4
2025-06-08,0.5926397015181551,0.6837251886584818,0.6091162743798034,0.6504421258459095,ecgfm_rastgele_t4
2025-06-09,0.5912343619792052,0.5538063404103134,0.6251918483446045,0.7634312114277321,ecgfm_rastgele_t4
2025-06-10,0.5523508423527481,0.5467491948232441,0.7562288191474671,0.7667352843942579,ecgfm_rastgele_t4
2025-06-11,0.6085744074832714,0.4893250422525859,0.723601773541856,0.820825972940639,ecgfm_rastgele_t4
2025-06-12,0.5430916296691655,0.4584442300540581,0.7547861014347272,0.6612634467711733,ecgfm_rastgele_t4
2025-06-13,0.6466728872673595,0.4330454846902539,0.7302179067909753,0.6959634378332232,ecgfm_rastgele_t4
2025-06-14,0.6479875658842128,0.4772441463505956,0.7479202992330464,0.6737853159677393,ecgfm_rastgele_t4
2025-06-15,0.5652639179419499,0.4637013058005073,0.7072904048575215,0.8412302563604674,ecgfm_rastgele_t4
2025-06-16,0.6252173403786835,0.5181783170413504,0.7383678040073542,0.6938120268517077,ecgfm_rastgele_t4
2025-06-17,0.6034106039891652,0.4496273151340038,0.750176542470992,0.6968536496752138,ecgfm_rastgele_t4
2025-06-18,0.4385506382729208,0.5948315490635114,0.5350463704562451,0.7240771824828872,ecgfm_rastgele_t4
2025-06-19,0.6679659320143594,0.388246304630055,0.4447322248304672,0.6194323907261702,ecgfm_rastgele_t4
2025-06-20,0.609578575844367,0.4649599578183138,0.5844956875399249,0.7832548173448474,ecgfm_rastgele_t4
2025-06-21,0.6062567717128574,0.463364527154596,0.8098093555207554,0.6813790936313784,ecgfm_rastgele_t4
2025-06-04,0.6443357869682518,0.5893119793225821,0.7153188119660038,0.6639964268848484,ecgfm_rastgele_t5
2025-06-05,0.6400527222835771,0.4674844562245687,0.7316382654132373,0.6569780945631298,ecgfm_rastgele_t5
2025-06-06,0.6276824109023017,0.6029772949488709,0.6677594856680286,0.8182714835834581,ecgfm_rastgele_t5
2025-06-07,0.7179558435657788,0.460825131168007,0.7513826045071657,0.6754458996583068,ecgfm_rastgele_t5
2025-06-08,0.700390209149302,0.5470269921623383,0.6683067853461092,0.7690634791008649,ecgfm_rastgele_t5
2025-06-09,0.653015653420195,0.5842184061427517,0.6726219270355066,0.720324579545911,ecgfm_rastgele_t5
2025-06-10,0.487840166338121,0.5791780171297994,0.7262523772808369,0.7204260544633222,ecgfm_rastgele_t5
2025-06-11,0.6848377869920164,0.4762580687909247,0.6815692029482023,0.8340439149611018,ecgfm_rastgele_t5
2025-06-12,0.4727394121308695,0.3894007157014227,0.6686755152203763,0.8056309156059813,ecgfm_rastgele_t5
2025-06-13,0.5823039648843024,0.4534811532656434,0.5774269386626454,0.6365081726179245,ecgfm_rastgele_t5
2025-06-14,0.6346677813434259,0.5041345388019939,0.6332829716897741,0.7161664288718286,ecgfm_rastgele_t5
2025-06-15,0.5283594573338332,0.4934030212860728,0.7875172004486014,0.6936318083051042,ecgfm_rastgele_t5
2025-06-16,0.6054752241039395,0.5101296511025124,0.709782535075419,0.7258200701512417,ecgfm_rastgele_t5
2025-06-17,0.6564372382731338,0.4344599928264235,0.8107330707277612,0.6759363687642862,ecgfm_rastgele_t5
2025-06-18,0.5395842813854355,0.512280278830643,0.5624373148182076,0.7422400355757734,ecgfm_rastgele_t5
2025-06-19,0.6458772716944735,0.5024168567896897,0.5654506743500043,0.5419910877761127,ecgfm_rastgele_t5
2025-06-20,0.6724028472273587,0.5754263327837353,0.5142581310154425,0.6556385427724161,ecgfm_rastgele_t5
2025-06-21,0.6744273940202491,0.6080306607639603,0.7955195504912943,0.6714373601985915,ecgfm_rastgele_t5
2025-06-04,0.7076727402663299,0.6588322283644643,0.7002940792680191,0.6039877905294616,ekg
2025-06-05,0.6576643938379091,0.4743689629762088,0.7109484760472438,0.6563821140047545,ekg
2025-06-06,0.5934223200241915,0.4850418059854772,0.7500102760475057,0.6213677534082465,ekg
2025-06-07,0.5319372301800986,0.6069475264057703,0.848018264595455,0.6573707009114137,ekg
2025-06-08,0.5071073875452426,0.6700858398912142,0.6969752281204593,0.7256273910140741,ekg
2025-06-09,0.4640561662785086,0.4216473418421163,0.7849341434025301,0.6767350692953925,ekg
2025-06-10,0.7206846528139972,0.5631285618372348,0.7599500723128518,0.6296888724573461,ekg
2025-06-11,0.5284870539940097,0.6696205536282798,0.6660136932737453,0.8109236821751646,ekg
2025-06-12,0.5463195394197989,0.6650431962096324,0.8853806599522233,0.723348167455926,ekg
2025-06-13,0.6089996996585612,0.5946893025189106,0.6797572141068801,0.4621707669024422,ekg
2025-06-14,0.8078615695456075,0.5333716844653502,0.7335876104139298,0.5626297735435812,ekg
2025-06-15,0.7278831279452312,0.6004269626461816,0.9247636866242284,0.6555124039609306,ekg
2025-06-16,0.7413662917882322,0.5633066767332398,0.7219194062896437,0.5473339980761798,ekg
2025-06-17,0.7488374270102043,0.6542690559887073,0.8514391929022317,0.464398204798454,ekg
2025-06-18,0.5999091434074181,0.5854925198281611,0.9053863332541524,0.5593062196661351,ekg
2025-06-19,0.7444245733435106,0.5399255762811708,0.7367013157422339,0.4129575645645853,ekg
2025-06-20,0.8479821551018834,0.5955849335021453,0.537182151657828,0.5176508116091061,ekg
2025-06-21,0.8251779790419943,0.5766018529474096,0.7885008053332146,0.6171164133224457,ekg
2025-06-04,0.6938485259218315,0.4878166326773337,0.869994726964779,0.2632370011246949,lightgbm
2025-06-05,0.754224333699351,0.2948880198944235,0.8210945950151108,0.2048433911144314,lightgbm
2025-06-06,0.4892776880584825,0.6773340552015237,0.8126200783966661,0.4606042525730334,lightgbm
2025-06-07,0.5722731631807785,0.6551597144935158,0.8737429367296073,0.4948187239685018,lightgbm
2025-06-08,0.5913240969915222,0.5954317551101577,0.8086777985369529,0.5503031897689703,lightgbm
2025-06-09,0.5744545842768333,0.394697602288329,0.6851149888892467,0.5595941700285038,lightgbm
2025-06-10,0.7643438811006994,0.5151255086403405,0.7445810007310744,0.2933924927201765,lightgbm
2025-06-11,0.659497702932114,0.4866213782724504,0.8104018859051954,0.3797234244080607,lightgbm
2025-06-12,0.7869443244140629,0.8050402723426943,0.8084818371979988,0.3615947441861684,lightgbm
2025-06-13,0.8688202908829752,0.9145130728860072,0.86869585030522,0.2711001525883655,lightgbm
2025-06-14,0.8635809267936634,0.998014636468865,0.811931193781375,0.4334449454312469,lightgbm
2025-06-15,0.8252738875037697,0.9996564667931224,0.7945505297402442,0.3170912188067116,lightgbm
2025-06-16,0.8909697203228801,0.9842014603666812,0.8027761515776678,0.5335581995809083,lightgbm
2025-06-17,0.7802468730226729,0.9356813805619196,0.7967402880692807,0.6203610167819078,lightgbm
2025-06-18,0.5739460995798509,0.9996148895534348,0.8117697124585,0.3826305458894826,lightgbm
2025-06-19,0.8742311057700136,0.9997161038173265,0.5791009740292469,0.41960453959124,lightgbm
2025-06-20,0.7861427277665904,0.9599429260144656,0.5530450040087532,0.3923595773522158,lightgbm
2025-06-21,0.9103728253078338,0.9824204489612486,0.6866262153664199,0.4016299823752942,lightgbm
2025-06-04,0.497517981890744,0.5326026926677481,0.7253125751322469,0.7314345451900202,rastgele_t1
2025-06-05,0.5223334054362472,0.7850847437825362,0.6575177501872445,0.7389591420934759,rastgele_t1
2025-06-06,0.634997527708167,0.6792164983130913,0.6744843385594559,0.8307367130482166,rastgele_t1
2025-06-07,0.6344485241258861,0.6737836205255971,0.7008806546576803,0.6658349936662152,rastgele_t1
2025-06-08,0.5541922814914053,0.588827430224522,0.7028502681567865,0.6933757026671761,rastgele_t1
2025-06-09,0.5164178638415144,0.5593368701061667,0.6220065670355163,0.8234159853970413,rastgele_t1
2025-06-10,0.7656987179104884,0.5622777039729868,0.6594029112782184,0.5263327951820345,rastgele_t1
2025-06-11,0.4398122113117048,0.3287891306251749,0.7060655184652778,0.6609640485698756,rastgele_t1
2025-06-12,0.5267213742561829,0.4932111331177601,0.8749741530492277,0.8278660580905279,rastgele_t1
2025-06-13,0.5271699854262895,0.5215908954515277,0.6675007017726212,0.5858169069356725,rastgele_t1
2025-06-14,0.7278369138597177,0.4652889235156121,0.7767360229258928,0.7639652407443785,rastgele_t1
2025-06-15,0.6241603110703716,0.6167206463029125,0.8257100484173425,0.7185945555365696,rastgele_t1
2025-06-16,0.647977588627177,0.6827201653374544,0.7476390692374375,0.7879322141447866,rastgele_t1
2025-06-17,0.6429735302954818,0.65873793191255,0.6808303905662259,0.6859410457743732,rastgele_t1
2025-06-18,0.5460408081278527,0.6340720057983417,0.6607603952668668,0.8164215109795836,rastgele_t1
2025-06-19,0.553361082155057,0.6150439944874098,0.5806302373785901,0.5806995515581231,rastgele_t1
2025-06-20,0.6724226151344334,0.4957443175939506,0.4914948238674523,0.7060751378468747,rastgele_t1
2025-06-21,0.5956086628406164,0.5493274347347704,0.6701757895405619,0.6349291967991026,rastgele_t1
2025-06-04,0.6611160564868953,0.5626461969892149,0.8061895144842322,0.6218888525712518,rastgele_t2
2025-06-05,0.5884194736728762,0.6400876655175975,0.6715044584765169,0.7361764109670208,rastgele_t2
2025-06-06,0.5702598370242229,0.574132105259476,0.648661690870361,0.8218624212947998,rastgele_t2
2025-06-07,0.6296399190370573,0.6139457153966865,0.7620791714307625,0.6336062484097968,rastgele_t2
2025-06-08,0.5472649119729824,0.5837942803100267,0.6541469064875917,0.6814741029900238,rastgele_t2
2025-06-09,0.4946615174723146,0.5669317611346013,0.7092182216962233,0.7597993972847533,rastgele_t2
2025-06-10,0.7368134836740333,0.3126822727866931,0.5803849322333584,0.7947295903255117,rastgele_t2
2025-06-11,0.5243370261943997,0.5078295156996029,0.6304472588347049,0.6618290132103837,rastgele_t2
2025-06-12,0.5824269862419501,0.5648034168614984,0.68262884029058,0.8742908661524322,rastgele_t2
2025-06-13,0.5482519206305282,0.6437828796444178,0.698582907327834,0.607289436613426,rastgele_t2
2025-06-14,0.5916504266455919,0.4764242098230865,0.6872369446035361,0.5940918285180197,rastgele_t2
2025-06-15,0.5603222350541203,0.5948641732572947,0.7537600279523653,0.7552026544766793,rastgele_t2
2025-06-16,0.6133602083515952,0.7113806408887684,0.7784069321499101,0.7282239704140304,rastgele_t2
2025-06-17,0.5532341197282289,0.6623868806960617,0.604608243886211,0.6462493012445935,rastgele_t2
2025-06-18,0.5088941793853095,0.6435578244259359,0.6010855038971564,0.7550713766839569,rastgele_t2
2025-06-19,0.5598860962115132,0.5486188724789073,0.4998162940082708,0.7220035621959575,rastgele_t2
2025-06-20,0.4804084447199144,0.651689463442237,0.5319757721120302,0.7437407618258117,rastgele_t2
2025-06-21,0.5369071182412847,0.4098362889628984,0.8291541495189442,0.7429654718156883,rastgele_t2
2025-06-04,0.6504726130810999,0.5705720037545852,0.8277508464090407,0.6959484212101619,rastgele_t3
2025-06-05,0.5479571562591721,0.7026894437744897,0.6088677509180904,0.7598238230393297,rastgele_t3
2025-06-06,0.5241217667165307,0.6126909453673394,0.5914295885684837,0.7788916984334153,rastgele_t3
2025-06-07,0.6456462695368034,0.6216318504975679,0.7461479410898674,0.7062557636609136,rastgele_t3
2025-06-08,0.4896229767013098,0.5867385185985451,0.8092932094778839,0.6892537294011237,rastgele_t3
2025-06-09,0.3330950761657558,0.6101383083756005,0.6519534585660287,0.8023843391692593,rastgele_t3
2025-06-10,0.6960758784727415,0.5251205008604958,0.6406839984238237,0.7070513041210528,rastgele_t3
2025-06-11,0.3135752525441509,0.5834105715153982,0.5642314374740505,0.7545082203557147,rastgele_t3
2025-06-12,0.6161516824580958,0.633720873088591,0.6717641478286003,0.7547522687315548,rastgele_t3
2025-06-13,0.5701576736050267,0.5578075337766021,0.7097164813388557,0.6866488755079881,rastgele_t3
2025-06-14,0.6081138894384985,0.5950889434578784,0.7449123506649385,0.7139437089421273,rastgele_t3
2025-06-15,0.696390021451647,0.5189550210687834,0.7637174769804116,0.838293393903595,rastgele_t3
2025-06-16,0.5890863707230957,0.669852491876004,0.7080173286975657,0.7716046187038514,rastgele_t3
2025-06-17,0.5596735412429029,0.6274287761033196,0.5631199305631815,0.69667333971894,rastgele_t3
2025-06-18,0.4514963447529102,0.5617971121424016,0.6083814445047578,0.7022119437819473,rastgele_t3
2025-06-19,0.5785378130172423,0.6584184941282187,0.5734844580279077,0.5288261574482152,rastgele_t3
2025-06-20,0.6295727388096373,0.529695718064554,0.5778977600569455,0.5229942355854418,rastgele_t3
2025-06-21,0.5269633279172585,0.6478364324836071,0.7587592796727701,0.6353168034549098,rastgele_t3
2025-06-04,0.7705194794922435,0.6215711178557196,0.8472526435246491,0.7236546155697875,rastgele_t4
2025-06-05,0.7520855538737267,0.6453594424541846,0.8307118997597394,0.7777744470635622,rastgele_t4
2025-06-06,0.5202069788481558,0.6459519631044841,0.6776355299877672,0.8379988458049689,rastgele_t4
2025-06-07,0.6392980942618771,0.662204262077258,0.6602971430852799,0.6123454517909505,rastgele_t4
2025-06-08,0.5845393015928859,0.6493520708698531,0.7519540884427656,0.7615843646377296,rastgele_t4
2025-06-09,0.4114620451037375,0.5258139025202592,0.6898611453467911,0.7856014068058345,rastgele_t4
2025-06-10,0.6066236704156208,0.4359601885148976,0.6685216952808344,0.7647269612197966,rastgele_t4
2025-06-11,0.4523052317838523,0.5952872055500699,0.7249199205254386,0.701303884619394,rastgele_t4
2025-06-12,0.6944062303304608,0.492821930184828,0.7918416312099754,0.8866129992849786,rastgele_t4
2025-06-13,0.6408467579136484,0.5704525656450746,0.7003960283524816,0.7082889898505769,rastgele_t4
2025-06-14,0.6461995909213661,0.5627295531559082,0.7899907924200902,0.7393074480764278,rastgele_t4
2025-06-15,0.6481828817281269,0.4402001958337586,0.7556244181156831,0.7720601204328859,rastgele_t4
2025-06-16,0.4779096580731495,0.693193689605598,0.7639634696298737,0.7664895253496665,rastgele_t4
2025-06-17,0.5374718675781913,0.6417356639605553,0.7450785075140492,0.5995317645409453,rastgele_t4
2025-06-18,0.425259184999757,0.7413289001372605,0.602248528222487,0.7108519927433921,rastgele_t4
2025-06-19,0.5570357319592926,0.6967335070095729,0.582841030440187,0.5904208024116147,rastgele_t4
2025-06-20,0.5446087862554011,0.6155282248697188,0.8071379790839301,0.5681498371096331,rastgele_t4
2025-06-21,0.5727830801446474,0.4752957914633147,0.758163592036055,0.4918706852376777,rastgele_t4
2025-06-04,0.6216743311663154,0.5920523097928228,0.7868534380233557,0.7183934820535349,rastgele_t5
2025-06-05,0.6422264854859085,0.7666788984600582,0.6966561196447028,0.7618850512291093,rastgele_t5
2025-06-06,0.5929925699110352,0.4653533875446061,0.6405229127846781,0.8665345342204263,rastgele_t5
2025-06-07,0.7644457759373247,0.6390298945398007,0.7708010107995428,0.6874773165128824,rastgele_t5
2025-06-08,0.5930157395050004,0.6278449231366969,0.7968463064459981,0.7494843892938857,rastgele_t5
2025-06-09,0.5394686078882874,0.5015245423424528,0.5267585904264667,0.7839852906415632,rastgele_t5
2025-06-10,0.7005400244331822,0.3978144593279012,0.5474661640863488,0.7254842175551379,rastgele_t5
2025-06-11,0.4344647411599469,0.5224814456853211,0.7316014436780627,0.7721785492810798,rastgele_t5
2025-06-12,0.6635909386405644,0.5221491845452481,0.7841947853252161,0.8777821401046121,rastgele_t5
2025-06-13,0.4771217103563657,0.5431170454712754,0.6780805741868684,0.5709399034257079,rastgele_t5
2025-06-14,0.5632806255915146,0.5440189306206786,0.7161889403856135,0.8236324273108002,rastgele_t5
2025-06-15,0.536259755580677,0.5958139370686523,0.5943556305085534,0.7325099048407514,rastgele_t5
2025-06-16,0.7203128041414756,0.6109551697424824,0.7338544434674358,0.712813056606934,rastgele_t5
2025-06-17,0.5268897979994351,0.6541079175670489,0.5359756721851147,0.7365400366469173,rastgele_t5
2025-06-18,0.4715888004181703,0.5648157040980223,0.6462410922072045,0.7801410114856161,rastgele_t5
2025-06-19,0.546077648158867,0.5452612761890749,0.485523900436203,0.7257367585179448,rastgele_t5
2025-06-20,0.4503211829557199,0.547559680926288,0.7552683398330847,0.7143076188110683,rastgele_t5
2025-06-21,0.4459909480539026,0.6218935877969042,0.7644433354808938,0.5258058270682299,rastgele_t5
