,auc,auc,auc,auc,auc,auc,auc,auc,auc,auc,auc,auc,dogruluk,dogruluk,dogruluk,dogruluk,dogruluk,dogruluk,dogruluk,dogruluk,dogruluk,dogruluk,dogruluk,dogruluk
model,ECG-FM donmuş (rastgele),ECG-FM donmuş (önceden eğitilmiş),ECG-FM ince ayar (rastgele),ECG-FM ince ayar (önceden eğitilmiş),HuBERT donmuş (rastgele),HuBERT donmuş (önceden eğitilmiş),HuBERT ince ayar (rastgele),HuBERT ince ayar (önceden eğitilmiş),MiniRocket,Naive Bayes,kNN,tsfresh + LightGBM,ECG-FM donmuş (rastgele),ECG-FM donmuş (önceden eğitilmiş),ECG-FM ince ayar (rastgele),ECG-FM ince ayar (önceden eğitilmiş),HuBERT donmuş (rastgele),HuBERT donmuş (önceden eğitilmiş),HuBERT ince ayar (rastgele),HuBERT ince ayar (önceden eğitilmiş),MiniRocket,Naive Bayes,kNN,tsfresh + LightGBM
bitki,,,,,,,,,,,,,,,,,,,,,,,,
0,95.0,94.9,96.6,98.5,91.4,96.9,90.9,97.7,93.5,63.5,50.0,99.6,87.5,88.9,87.5,91.0,86.1,88.9,78.5,90.3,84.7,51.4,45.8,94.4
1,64.0,56.6,61.3,54.6,66.3,71.9,76.5,70.7,59.0,50.0,61.7,61.3,61.8,51.4,56.2,52.1,68.1,61.8,70.1,63.9,52.8,52.1,58.3,59.7
2,76.4,78.5,77.5,84.3,79.4,84.6,86.5,82.5,90.1,53.1,52.7,89.0,63.9,63.9,68.1,63.9,64.6,67.4,78.5,72.2,82.6,56.2,53.5,71.5
3,89.8,76.1,93.0,93.4,88.8,89.2,90.3,88.9,98.3,49.6,46.9,98.0,81.2,72.2,86.8,86.1,80.6,80.6,80.6,77.8,93.1,45.8,50.7,81.2
8,90.7,85.0,89.7,91.4,83.9,83.8,90.2,83.3,92.0,54.0,48.5,86.8,77.1,76.4,78.5,82.6,77.8,73.6,68.8,72.9,81.2,52.1,52.1,74.3
9,79.9,66.4,79.6,73.4,79.0,80.9,75.8,81.1,85.8,50.2,45.2,73.9,72.9,59.7,70.8,63.9,74.3,70.8,67.4,69.4,75.7,50.7,48.6,70.8
10,70.6,70.2,64.8,68.4,52.2,64.7,49.2,63.5,70.5,51.3,56.1,81.9,63.9,62.5,56.2,66.7,48.6,56.9,45.8,56.2,61.1,49.3,52.8,73.6
11,70.8,70.0,59.3,75.2,56.1,71.5,43.2,69.1,69.8,44.0,54.8,79.7,63.2,59.7,55.6,61.1,51.4,63.2,46.5,61.8,63.2,51.4,51.4,69.4
12,73.0,83.7,88.0,87.4,86.0,90.2,92.2,96.5,84.2,59.8,43.4,89.3,69.4,70.8,79.9,80.6,75.7,78.5,75.7,79.9,79.2,51.4,43.1,79.2
13,55.9,41.6,58.7,59.7,62.5,58.6,68.8,63.1,51.1,50.9,45.4,52.6,62.5,42.4,63.9,55.6,63.2,54.9,67.4,66.7,51.4,48.6,44.4,56.9
14,70.4,72.8,74.0,74.3,63.9,72.5,78.9,76.4,75.2,44.0,52.8,61.8,61.8,63.9,65.3,68.8,61.1,69.4,77.1,70.1,67.4,47.2,52.1,57.6
15,83.4,78.2,84.0,86.2,83.6,82.5,81.8,80.1,84.7,60.6,50.7,94.5,75.0,66.0,75.7,77.8,75.7,75.7,73.6,71.5,77.8,51.4,52.8,85.4
