,ortalama_mV,std_mV,eksik_%,grup
PN2_CH1,-5.69807813464987,13.993684415375206,0.0,sulama değişti
PN2_CH2,9.260611990272677,25.222545696227197,0.0,sulama değişti
PN5_CH1,19.71755253946037,35.5227047974427,0.0,sulama değişti
PN5_CH2,4.041665876787196,17.043266731885602,0.0,sulama değişti
PN8_CH1,-41.09870467413273,32.62536327191611,0.0,kontrol
PN8_CH2,2.0443154770887513,8.786908735512688,0.0,kontrol
PN9_CH1,-16.505077106238346,5.887674170550311,0.0038581735406458583,kontrol
PN9_CH2,-12.286969540699248,28.53369279724927,0.0038581735406458583,kontrol
PN10_CH1,-22.35025327685653,12.539444961509897,0.0,sulama değişti
PN10_CH2,-8.395584711161652,9.01705929261346,0.0,sulama değişti
PN11_CH1,8.10793865041078,20.65712697562138,0.0,sulama değişti
PN11_CH2,-2.7290875340623515,13.484475974221377,0.0,sulama değişti
PN12_CH1,11.395273386769889,36.91360541252336,0.0,sulama değişti
PN12_CH2,-63.21608958896145,100.50044365192454,0.0,sulama değişti
PN16_CH1,-7.126676448805541,38.43582914013105,0.0,sulama değişti
PN16_CH2,-17.17262897398413,13.642126829909996,0.0,sulama değişti
