bitki,sulama,delta,auc_son_ilk,grup,model
0,True,0.7152573040965085,0.9545454545454546,asiri,ekg
1,True,0.1834585249198217,0.6212121212121212,asiri,ekg
2,True,0.4694351473117041,0.8712121212121213,asiri,ekg
3,True,0.6707923011547362,0.9696969696969697,asiri,ekg
4,False,0.3453015749706151,0.6666666666666666,kontrol,ekg
5,False,0.2675055917990775,0.6742424242424243,kontrol,ekg
6,False,0.15228706612222662,0.6818181818181819,kontrol,ekg
7,False,0.45451201689131987,0.8939393939393939,kontrol,ekg
8,True,0.5451984802977381,0.9242424242424243,200,ekg
9,True,0.31924510356865926,0.8939393939393939,200,ekg
10,True,0.24950376840401292,0.7803030303030303,200,ekg
11,True,0.059239139479301955,0.5681818181818182,200,ekg
12,True,0.7032064290071278,0.9621212121212122,100,ekg
13,True,0.5147098249342418,0.8863636363636362,100,ekg
14,True,0.5719789619481959,0.8712121212121213,100,ekg
15,True,0.5879531438464904,0.9090909090909091,100,ekg
0,True,0.7873208910352482,0.9393939393939393,asiri,lightgbm
1,True,0.059039542991531746,0.43939393939393934,asiri,lightgbm
2,True,0.15340622735384113,0.6590909090909092,asiri,lightgbm
3,True,0.5584014623311824,0.946969696969697,asiri,lightgbm
4,False,0.11752007034872305,0.5909090909090909,kontrol,lightgbm
5,False,0.009012348710658516,0.9621212121212122,kontrol,lightgbm
6,False,0.39946842247385156,0.8106060606060606,kontrol,lightgbm
7,False,0.04911858681310385,0.803030303030303,kontrol,lightgbm
8,True,0.6043502234024974,0.9393939393939393,200,lightgbm
9,True,0.45117347649161343,0.8484848484848484,200,lightgbm
10,True,0.16312564158199624,0.9545454545454546,200,lightgbm
11,True,0.095940520374145,0.6590909090909091,200,lightgbm
12,True,0.7995329352610764,0.9848484848484849,100,lightgbm
13,True,-0.044137797808292856,0.3787878787878788,100,lightgbm
14,True,0.06674586609161914,0.5757575757575757,100,lightgbm
15,True,0.3088780435750934,0.8106060606060606,100,lightgbm
