,,,,dogruluk,dogruluk,f1,f1,auc,auc
,,,,mean,std,mean,std,mean,std
pencere,model,ozellik,bolme,,,,,,
1h,onceden_egitilmis,ortalama,lopo,0.701,0.1,0.687,0.138,0.789,0.112
1h,onceden_egitilmis,ortalama,rastgele,0.745,0.015,0.746,0.017,0.824,0.002
1h,onceden_egitilmis,ortalama,yazar,0.84,,0.852,,0.93,
1h,onceden_egitilmis,son,lopo,0.694,0.106,0.675,0.156,0.782,0.114
1h,onceden_egitilmis,son,rastgele,0.737,0.007,0.735,0.015,0.818,0.009
1h,onceden_egitilmis,son,yazar,0.844,,0.854,,0.914,
1h,rastgele_baslatilmis,ortalama,lopo,0.689,0.115,0.664,0.169,0.744,0.135
1h,rastgele_baslatilmis,ortalama,rastgele,0.694,0.018,0.689,0.019,0.756,0.02
1h,rastgele_baslatilmis,ortalama,yazar,0.788,,0.801,,0.876,
1h,rastgele_baslatilmis,son,lopo,0.701,0.109,0.676,0.157,0.753,0.133
1h,rastgele_baslatilmis,son,rastgele,0.696,0.013,0.691,0.018,0.762,0.013
1h,rastgele_baslatilmis,son,yazar,0.819,,0.831,,0.896,
30min,onceden_egitilmis,ortalama,lopo,0.692,0.108,0.679,0.131,0.781,0.124
30min,onceden_egitilmis,ortalama,rastgele,0.75,0.012,0.749,0.015,0.834,0.013
30min,onceden_egitilmis,ortalama,yazar,0.825,,0.833,,0.92,
30min,onceden_egitilmis,son,lopo,0.681,0.109,0.664,0.136,0.764,0.132
30min,onceden_egitilmis,son,rastgele,0.736,0.019,0.732,0.022,0.818,0.018
30min,onceden_egitilmis,son,yazar,0.825,,0.827,,0.899,
30min,rastgele_baslatilmis,ortalama,lopo,0.683,0.101,0.659,0.146,0.742,0.12
30min,rastgele_baslatilmis,ortalama,rastgele,0.707,0.014,0.698,0.014,0.769,0.017
30min,rastgele_baslatilmis,ortalama,yazar,0.8,,0.806,,0.88,
30min,rastgele_baslatilmis,son,lopo,0.687,0.103,0.662,0.153,0.747,0.127
30min,rastgele_baslatilmis,son,rastgele,0.71,0.016,0.7,0.014,0.775,0.014
30min,rastgele_baslatilmis,son,yazar,0.816,,0.822,,0.893,
