pencere,esleme,model,ozellik,bolme,katman,dogruluk,f1,auc
1h,tekrar,onceden_egitilmis,son,lopo,bitki 0,0.8888888888888888,0.8904109589041096,0.9519675925925926
1h,tekrar,onceden_egitilmis,son,lopo,bitki 1,0.6736111111111112,0.656934306569343,0.7332175925925926
1h,tekrar,onceden_egitilmis,son,lopo,bitki 2,0.6527777777777778,0.7311827956989247,0.8325617283950617
1h,tekrar,onceden_egitilmis,son,lopo,bitki 3,0.7777777777777778,0.7974683544303798,0.8991126543209877
1h,tekrar,onceden_egitilmis,son,lopo,bitki 8,0.7361111111111112,0.703125,0.8520447530864198
1h,tekrar,onceden_egitilmis,son,lopo,bitki 9,0.75,0.75,0.8061342592592592
1h,tekrar,onceden_egitilmis,son,lopo,bitki 10,0.5833333333333334,0.5161290322580645,0.6597222222222222
1h,tekrar,onceden_egitilmis,son,lopo,bitki 11,0.5486111111111112,0.32989690721649484,0.630979938271605
1h,tekrar,onceden_egitilmis,son,lopo,bitki 12,0.7916666666666666,0.8170731707317073,0.8865740740740741
1h,tekrar,onceden_egitilmis,son,lopo,bitki 13,0.5277777777777778,0.5,0.5868055555555556
1h,tekrar,onceden_egitilmis,son,lopo,bitki 14,0.6666666666666666,0.6842105263157895,0.732445987654321
1h,tekrar,onceden_egitilmis,son,lopo,bitki 15,0.7291666666666666,0.7272727272727273,0.8136574074074074
1h,tekrar,onceden_egitilmis,son,yazar,bitki 0+12,0.84375,0.8543689320388349,0.9137731481481481
1h,tekrar,onceden_egitilmis,son,rastgele,katman 0,0.7427745664739884,0.7574931880108992,0.8305322596812457
1h,tekrar,onceden_egitilmis,son,rastgele,katman 1,0.7341040462427746,0.7212121212121212,0.8153296134184236
1h,tekrar,onceden_egitilmis,son,rastgele,katman 2,0.7312138728323699,0.7207207207207207,0.8211767850579705
1h,tekrar,onceden_egitilmis,son,rastgele,katman 3,0.7304347826086957,0.7380281690140845,0.8056190348165075
1h,tekrar,onceden_egitilmis,son,rastgele,katman 4,0.744927536231884,0.7365269461077845,0.8198346551955907
1h,tekrar,onceden_egitilmis,ortalama,lopo,bitki 0,0.8888888888888888,0.8933333333333333,0.9685570987654321
1h,tekrar,onceden_egitilmis,ortalama,lopo,bitki 1,0.6180555555555556,0.5864661654135338,0.7189429012345678
1h,tekrar,onceden_egitilmis,ortalama,lopo,bitki 2,0.6736111111111112,0.7431693989071039,0.8460648148148148
1h,tekrar,onceden_egitilmis,ortalama,lopo,bitki 3,0.8055555555555556,0.8133333333333334,0.8919753086419754
1h,tekrar,onceden_egitilmis,ortalama,lopo,bitki 8,0.7361111111111112,0.7076923076923077,0.8375771604938272
1h,tekrar,onceden_egitilmis,ortalama,lopo,bitki 9,0.7083333333333334,0.7083333333333334,0.8092206790123457
1h,tekrar,onceden_egitilmis,ortalama,lopo,bitki 10,0.5694444444444444,0.45614035087719296,0.6473765432098766
1h,tekrar,onceden_egitilmis,ortalama,lopo,bitki 11,0.6319444444444444,0.4752475247524752,0.7154706790123457
1h,tekrar,onceden_egitilmis,ortalama,lopo,bitki 12,0.7847222222222222,0.8121212121212121,0.902391975308642
1h,tekrar,onceden_egitilmis,ortalama,lopo,bitki 13,0.5486111111111112,0.5578231292517006,0.586033950617284
1h,tekrar,onceden_egitilmis,ortalama,lopo,bitki 14,0.6944444444444444,0.725,0.7249228395061729
1h,tekrar,onceden_egitilmis,ortalama,lopo,bitki 15,0.7569444444444444,0.7651006711409396,0.8252314814814815
1h,tekrar,onceden_egitilmis,ortalama,yazar,bitki 0+12,0.8402777777777778,0.8516129032258064,0.9298321759259259
1h,tekrar,onceden_egitilmis,ortalama,rastgele,katman 0,0.7630057803468208,0.7734806629834254,0.8250526245447559
1h,tekrar,onceden_egitilmis,ortalama,rastgele,katman 1,0.7456647398843931,0.7426900584795322,0.8218784456547161
1h,tekrar,onceden_egitilmis,ortalama,rastgele,katman 2,0.7514450867052023,0.7393939393939394,0.8265227705569849
1h,tekrar,onceden_egitilmis,ortalama,rastgele,katman 3,0.7217391304347827,0.7272727272727273,0.8223551552628041
1h,tekrar,onceden_egitilmis,ortalama,rastgele,katman 4,0.7420289855072464,0.7464387464387464,0.8242035219787606
1h,tekrar,onceden_egitilmis,katman_0,lopo,bitki 0,0.9097222222222222,0.9115646258503401,0.9683641975308642
1h,tekrar,onceden_egitilmis,katman_0,lopo,bitki 1,0.6527777777777778,0.6323529411764706,0.7029320987654321
1h,tekrar,onceden_egitilmis,katman_0,lopo,bitki 2,0.7013888888888888,0.7485380116959064,0.8258101851851852
1h,tekrar,onceden_egitilmis,katman_0,lopo,bitki 3,0.7708333333333334,0.7870967741935484,0.8996913580246914
1h,tekrar,onceden_egitilmis,katman_0,lopo,bitki 8,0.7916666666666666,0.7619047619047619,0.896604938271605
1h,tekrar,onceden_egitilmis,katman_0,lopo,bitki 9,0.7361111111111112,0.7397260273972602,0.8022762345679012
1h,tekrar,onceden_egitilmis,katman_0,lopo,bitki 10,0.5138888888888888,0.375,0.6352237654320988
1h,tekrar,onceden_egitilmis,katman_0,lopo,bitki 11,0.5972222222222222,0.4528301886792453,0.6614583333333334
1h,tekrar,onceden_egitilmis,katman_0,lopo,bitki 12,0.8263888888888888,0.8427672955974843,0.9170524691358024
1h,tekrar,onceden_egitilmis,katman_0,lopo,bitki 13,0.5902777777777778,0.609271523178808,0.6226851851851851
1h,tekrar,onceden_egitilmis,katman_0,lopo,bitki 14,0.6666666666666666,0.6883116883116883,0.7339891975308641
1h,tekrar,onceden_egitilmis,katman_0,lopo,bitki 15,0.75,0.76,0.8234953703703703
1h,tekrar,onceden_egitilmis,katman_0,yazar,bitki 0+12,0.8576388888888888,0.8681672025723473,0.9377411265432098
1h,tekrar,onceden_egitilmis,katman_0,rastgele,katman 0,0.7427745664739884,0.7435158501440923,0.824016839854322
1h,tekrar,onceden_egitilmis,katman_0,rastgele,katman 1,0.7283236994219653,0.7251461988304093,0.8147950148685222
1h,tekrar,onceden_egitilmis,katman_0,rastgele,katman 2,0.7456647398843931,0.7396449704142012,0.828360453072271
1h,tekrar,onceden_egitilmis,katman_0,rastgele,katman 3,0.7043478260869566,0.7134831460674157,0.8080723215485952
1h,tekrar,onceden_egitilmis,katman_0,rastgele,katman 4,0.7536231884057971,0.750733137829912,0.8205740018819733
1h,tekrar,onceden_egitilmis,katman_1,lopo,bitki 0,0.9097222222222222,0.9103448275862069,0.9706790123456791
1h,tekrar,onceden_egitilmis,katman_1,lopo,bitki 1,0.6458333333333334,0.6277372262773723,0.730516975308642
1h,tekrar,onceden_egitilmis,katman_1,lopo,bitki 2,0.6597222222222222,0.7262569832402235,0.8229166666666667
1h,tekrar,onceden_egitilmis,katman_1,lopo,bitki 3,0.8125,0.8235294117647058,0.888888888888889
1h,tekrar,onceden_egitilmis,katman_1,lopo,bitki 8,0.7430555555555556,0.6991869918699187,0.8641975308641976
1h,tekrar,onceden_egitilmis,katman_1,lopo,bitki 9,0.7152777777777778,0.7132867132867133,0.7853009259259259
1h,tekrar,onceden_egitilmis,katman_1,lopo,bitki 10,0.5486111111111112,0.4247787610619469,0.6273148148148149
1h,tekrar,onceden_egitilmis,katman_1,lopo,bitki 11,0.6458333333333334,0.48484848484848486,0.6676311728395062
1h,tekrar,onceden_egitilmis,katman_1,lopo,bitki 12,0.8055555555555556,0.8292682926829268,0.9212962962962964
1h,tekrar,onceden_egitilmis,katman_1,lopo,bitki 13,0.5833333333333334,0.6103896103896104,0.6078317901234568
1h,tekrar,onceden_egitilmis,katman_1,lopo,bitki 14,0.7152777777777778,0.7388535031847133,0.7781635802469136
1h,tekrar,onceden_egitilmis,katman_1,lopo,bitki 15,0.7430555555555556,0.7516778523489933,0.8177083333333334
1h,tekrar,onceden_egitilmis,katman_1,yazar,bitki 0+12,0.875,0.8838709677419355,0.9392843364197531
1h,tekrar,onceden_egitilmis,katman_1,rastgele,katman 0,0.7312138728323699,0.7394957983193278,0.8112867118847941
1h,tekrar,onceden_egitilmis,katman_1,rastgele,katman 1,0.7456647398843931,0.7441860465116279,0.807544522035484
1h,tekrar,onceden_egitilmis,katman_1,rastgele,katman 2,0.7658959537572254,0.7567567567567568,0.8410571686324301
1h,tekrar,onceden_egitilmis,katman_1,rastgele,katman 3,0.7246376811594203,0.7382920110192838,0.8224223685979298
1h,tekrar,onceden_egitilmis,katman_1,rastgele,katman 4,0.7478260869565218,0.7463556851311953,0.8298830487968815
1h,tekrar,onceden_egitilmis,katman_2,lopo,bitki 0,0.8958333333333334,0.896551724137931,0.9691358024691358
1h,tekrar,onceden_egitilmis,katman_2,lopo,bitki 1,0.6805555555555556,0.6617647058823529,0.7515432098765432
1h,tekrar,onceden_egitilmis,katman_2,lopo,bitki 2,0.6944444444444444,0.7471264367816092,0.8263888888888888
1h,tekrar,onceden_egitilmis,katman_2,lopo,bitki 3,0.8263888888888888,0.8366013071895425,0.8975694444444444
1h,tekrar,onceden_egitilmis,katman_2,lopo,bitki 8,0.7708333333333334,0.736,0.87133487654321
1h,tekrar,onceden_egitilmis,katman_2,lopo,bitki 9,0.7013888888888888,0.6950354609929078,0.7820216049382714
1h,tekrar,onceden_egitilmis,katman_2,lopo,bitki 10,0.5277777777777778,0.37037037037037035,0.6599151234567902
1h,tekrar,onceden_egitilmis,katman_2,lopo,bitki 11,0.6041666666666666,0.45714285714285713,0.689429012345679
1h,tekrar,onceden_egitilmis,katman_2,lopo,bitki 12,0.8125,0.8301886792452831,0.9160879629629629
1h,tekrar,onceden_egitilmis,katman_2,lopo,bitki 13,0.5902777777777778,0.6242038216560509,0.6091820987654322
1h,tekrar,onceden_egitilmis,katman_2,lopo,bitki 14,0.6875,0.7272727272727273,0.751929012345679
1h,tekrar,onceden_egitilmis,katman_2,lopo,bitki 15,0.75,0.75,0.8227237654320987
1h,tekrar,onceden_egitilmis,katman_2,yazar,bitki 0+12,0.8506944444444444,0.8590163934426229,0.939477237654321
1h,tekrar,onceden_egitilmis,katman_2,rastgele,katman 0,0.7254335260115607,0.7308781869688386,0.8073440475792709
1h,tekrar,onceden_egitilmis,katman_2,rastgele,katman 1,0.7312138728323699,0.7288629737609329,0.8125897958501788
1h,tekrar,onceden_egitilmis,katman_2,rastgele,katman 2,0.7601156069364162,0.7492447129909365,0.8394199605733569
1h,tekrar,onceden_egitilmis,katman_2,rastgele,katman 3,0.7275362318840579,0.7359550561797753,0.8227584352735583
1h,tekrar,onceden_egitilmis,katman_2,rastgele,katman 4,0.7507246376811594,0.7542857142857143,0.8367724156472645
1h,tekrar,onceden_egitilmis,katman_3,lopo,bitki 0,0.9166666666666666,0.918918918918919,0.974537037037037
1h,tekrar,onceden_egitilmis,katman_3,lopo,bitki 1,0.6527777777777778,0.6323529411764706,0.7274305555555556
1h,tekrar,onceden_egitilmis,katman_3,lopo,bitki 2,0.7152777777777778,0.7734806629834254,0.8574459876543209
1h,tekrar,onceden_egitilmis,katman_3,lopo,bitki 3,0.8472222222222222,0.8533333333333334,0.9068287037037037
1h,tekrar,onceden_egitilmis,katman_3,lopo,bitki 8,0.7430555555555556,0.704,0.8352623456790123
1h,tekrar,onceden_egitilmis,katman_3,lopo,bitki 9,0.6944444444444444,0.6986301369863014,0.7970679012345679
1h,tekrar,onceden_egitilmis,katman_3,lopo,bitki 10,0.5763888888888888,0.46017699115044247,0.6655092592592593
1h,tekrar,onceden_egitilmis,katman_3,lopo,bitki 11,0.5972222222222222,0.40816326530612246,0.6946373456790123
1h,tekrar,onceden_egitilmis,katman_3,lopo,bitki 12,0.8125,0.8343558282208589,0.9211033950617284
1h,tekrar,onceden_egitilmis,katman_3,lopo,bitki 13,0.5625,0.5882352941176471,0.5846836419753086
1h,tekrar,onceden_egitilmis,katman_3,lopo,bitki 14,0.6875,0.7096774193548387,0.7584876543209876
1h,tekrar,onceden_egitilmis,katman_3,lopo,bitki 15,0.6944444444444444,0.7027027027027027,0.7941743827160495
1h,tekrar,onceden_egitilmis,katman_3,yazar,bitki 0+12,0.8506944444444444,0.8617363344051447,0.9484953703703705
1h,tekrar,onceden_egitilmis,katman_3,rastgele,katman 0,0.7341040462427746,0.7386363636363636,0.8156303251027431
1h,tekrar,onceden_egitilmis,katman_3,rastgele,katman 1,0.7427745664739884,0.7359050445103857,0.8325370042433761
1h,tekrar,onceden_egitilmis,katman_3,rastgele,katman 2,0.7485549132947977,0.7355623100303952,0.8297637742657623
1h,tekrar,onceden_egitilmis,katman_3,rastgele,katman 3,0.7072463768115942,0.7202216066481995,0.8217166285791101
1h,tekrar,onceden_egitilmis,katman_3,rastgele,katman 4,0.7594202898550725,0.7594202898550725,0.8292445221131872
1h,tekrar,onceden_egitilmis,katman_4,lopo,bitki 0,0.8819444444444444,0.8888888888888888,0.9708719135802469
1h,tekrar,onceden_egitilmis,katman_4,lopo,bitki 1,0.6597222222222222,0.6370370370370371,0.7386188271604938
1h,tekrar,onceden_egitilmis,katman_4,lopo,bitki 2,0.7013888888888888,0.7597765363128491,0.8454861111111112
1h,tekrar,onceden_egitilmis,katman_4,lopo,bitki 3,0.7986111111111112,0.8053691275167785,0.8832947530864198
1h,tekrar,onceden_egitilmis,katman_4,lopo,bitki 8,0.7083333333333334,0.6666666666666666,0.8314043209876544
1h,tekrar,onceden_egitilmis,katman_4,lopo,bitki 9,0.6805555555555556,0.676056338028169,0.800733024691358
1h,tekrar,onceden_egitilmis,katman_4,lopo,bitki 10,0.5486111111111112,0.4628099173553719,0.6302083333333333
1h,tekrar,onceden_egitilmis,katman_4,lopo,bitki 11,0.6180555555555556,0.4444444444444444,0.7116126543209876
1h,tekrar,onceden_egitilmis,katman_4,lopo,bitki 12,0.8263888888888888,0.84472049689441,0.9020061728395062
1h,tekrar,onceden_egitilmis,katman_4,lopo,bitki 13,0.5625,0.5714285714285714,0.5981867283950617
1h,tekrar,onceden_egitilmis,katman_4,lopo,bitki 14,0.6527777777777778,0.6875,0.7218364197530864
1h,tekrar,onceden_egitilmis,katman_4,lopo,bitki 15,0.7083333333333334,0.72,0.8138503086419754
1h,tekrar,onceden_egitilmis,katman_4,yazar,bitki 0+12,0.8333333333333334,0.8461538461538461,0.93335262345679
1h,tekrar,onceden_egitilmis,katman_4,rastgele,katman 0,0.7485549132947977,0.7521367521367521,0.8161649236526446
1h,tekrar,onceden_egitilmis,katman_4,rastgele,katman 1,0.7456647398843931,0.7396449704142012,0.820876073373651
1h,tekrar,onceden_egitilmis,katman_4,rastgele,katman 2,0.7514450867052023,0.75,0.8247519128604364
1h,tekrar,onceden_egitilmis,katman_4,rastgele,katman 3,0.7014492753623188,0.7098591549295775,0.8191961285118967
1h,tekrar,onceden_egitilmis,katman_4,rastgele,katman 4,0.7333333333333333,0.7309941520467836,0.8089460949052292
1h,tekrar,onceden_egitilmis,katman_5,lopo,bitki 0,0.8819444444444444,0.8843537414965986,0.9552469135802469
1h,tekrar,onceden_egitilmis,katman_5,lopo,bitki 1,0.6666666666666666,0.6417910447761194,0.7478780864197531
1h,tekrar,onceden_egitilmis,katman_5,lopo,bitki 2,0.6805555555555556,0.7444444444444445,0.8275462962962963
1h,tekrar,onceden_egitilmis,katman_5,lopo,bitki 3,0.7986111111111112,0.8079470198675497,0.8952546296296297
1h,tekrar,onceden_egitilmis,katman_5,lopo,bitki 8,0.7430555555555556,0.6991869918699187,0.8416280864197532
1h,tekrar,onceden_egitilmis,katman_5,lopo,bitki 9,0.6944444444444444,0.6901408450704225,0.8009259259259258
1h,tekrar,onceden_egitilmis,katman_5,lopo,bitki 10,0.5833333333333334,0.4827586206896552,0.6577932098765431
1h,tekrar,onceden_egitilmis,katman_5,lopo,bitki 11,0.6111111111111112,0.44,0.7299382716049382
1h,tekrar,onceden_egitilmis,katman_5,lopo,bitki 12,0.8194444444444444,0.8354430379746836,0.8871527777777778
1h,tekrar,onceden_egitilmis,katman_5,lopo,bitki 13,0.5763888888888888,0.6013071895424836,0.5918209876543209
1h,tekrar,onceden_egitilmis,katman_5,lopo,bitki 14,0.6597222222222222,0.6993865030674846,0.7193287037037038
1h,tekrar,onceden_egitilmis,katman_5,lopo,bitki 15,0.7708333333333334,0.7724137931034483,0.8312114197530863
1h,tekrar,onceden_egitilmis,katman_5,yazar,bitki 0+12,0.84375,0.8524590163934426,0.9233699845679012
1h,tekrar,onceden_egitilmis,katman_5,rastgele,katman 0,0.7572254335260116,0.7679558011049724,0.8332720772494905
1h,tekrar,onceden_egitilmis,katman_5,rastgele,katman 1,0.7283236994219653,0.7151515151515152,0.8182699054428815
1h,tekrar,onceden_egitilmis,katman_5,rastgele,katman 2,0.7456647398843931,0.7349397590361446,0.8151291389622106
1h,tekrar,onceden_egitilmis,katman_5,rastgele,katman 3,0.7217391304347827,0.7257142857142858,0.8115338083075682
1h,tekrar,onceden_egitilmis,katman_5,rastgele,katman 4,0.7507246376811594,0.7485380116959064,0.8222879419276785
1h,tekrar,onceden_egitilmis,katman_6,lopo,bitki 0,0.8541666666666666,0.8551724137931035,0.9529320987654322
1h,tekrar,onceden_egitilmis,katman_6,lopo,bitki 1,0.6597222222222222,0.6259541984732825,0.7492283950617284
1h,tekrar,onceden_egitilmis,katman_6,lopo,bitki 2,0.6944444444444444,0.7555555555555555,0.8333333333333334
1h,tekrar,onceden_egitilmis,katman_6,lopo,bitki 3,0.7916666666666666,0.8026315789473685,0.8989197530864197
1h,tekrar,onceden_egitilmis,katman_6,lopo,bitki 8,0.7291666666666666,0.688,0.8451003086419754
1h,tekrar,onceden_egitilmis,katman_6,lopo,bitki 9,0.7152777777777778,0.7092198581560284,0.8036265432098765
1h,tekrar,onceden_egitilmis,katman_6,lopo,bitki 10,0.5486111111111112,0.43478260869565216,0.6315586419753086
1h,tekrar,onceden_egitilmis,katman_6,lopo,bitki 11,0.6111111111111112,0.46153846153846156,0.6786265432098766
1h,tekrar,onceden_egitilmis,katman_6,lopo,bitki 12,0.8125,0.8322981366459627,0.8782793209876544
1h,tekrar,onceden_egitilmis,katman_6,lopo,bitki 13,0.5069444444444444,0.4740740740740741,0.5451388888888888
1h,tekrar,onceden_egitilmis,katman_6,lopo,bitki 14,0.6805555555555556,0.7088607594936709,0.7372685185185185
1h,tekrar,onceden_egitilmis,katman_6,lopo,bitki 15,0.7222222222222222,0.7368421052631579,0.822145061728395
1h,tekrar,onceden_egitilmis,katman_6,yazar,bitki 0+12,0.8229166666666666,0.8327868852459016,0.9151716820987654
1h,tekrar,onceden_egitilmis,katman_6,rastgele,katman 0,0.7543352601156069,0.7721179624664879,0.830231547996926
1h,tekrar,onceden_egitilmis,katman_6,rastgele,katman 1,0.7572254335260116,0.7469879518072289,0.8219786828828227
1h,tekrar,onceden_egitilmis,katman_6,rastgele,katman 2,0.7745664739884393,0.7592592592592593,0.8313007450967289
1h,tekrar,onceden_egitilmis,katman_6,rastgele,katman 3,0.7159420289855073,0.7277777777777777,0.8123403683290765
1h,tekrar,onceden_egitilmis,katman_6,rastgele,katman 4,0.744927536231884,0.7411764705882353,0.8095846215889232
1h,tekrar,onceden_egitilmis,katman_7,lopo,bitki 0,0.875,0.875,0.9565972222222222
1h,tekrar,onceden_egitilmis,katman_7,lopo,bitki 1,0.6666666666666666,0.6417910447761194,0.7260802469135802
1h,tekrar,onceden_egitilmis,katman_7,lopo,bitki 2,0.6875,0.7513812154696132,0.824266975308642
1h,tekrar,onceden_egitilmis,katman_7,lopo,bitki 3,0.7569444444444444,0.7770700636942676,0.8859953703703703
1h,tekrar,onceden_egitilmis,katman_7,lopo,bitki 8,0.7638888888888888,0.7384615384615385,0.8549382716049383
1h,tekrar,onceden_egitilmis,katman_7,lopo,bitki 9,0.7083333333333334,0.7083333333333334,0.7916666666666666
1h,tekrar,onceden_egitilmis,katman_7,lopo,bitki 10,0.5972222222222222,0.5084745762711864,0.6682098765432098
1h,tekrar,onceden_egitilmis,katman_7,lopo,bitki 11,0.5833333333333334,0.4117647058823529,0.6709104938271606
1h,tekrar,onceden_egitilmis,katman_7,lopo,bitki 12,0.8125,0.8280254777070064,0.8977623456790124
1h,tekrar,onceden_egitilmis,katman_7,lopo,bitki 13,0.5,0.4857142857142857,0.5754243827160495
1h,tekrar,onceden_egitilmis,katman_7,lopo,bitki 14,0.6944444444444444,0.7066666666666667,0.7349537037037036
1h,tekrar,onceden_egitilmis,katman_7,lopo,bitki 15,0.7361111111111112,0.7466666666666667,0.8271604938271605
1h,tekrar,onceden_egitilmis,katman_7,yazar,bitki 0+12,0.8472222222222222,0.8523489932885906,0.9205729166666666
1h,tekrar,onceden_egitilmis,katman_7,rastgele,katman 0,0.7572254335260116,0.7679558011049724,0.814627952821678
1h,tekrar,onceden_egitilmis,katman_7,rastgele,katman 1,0.7369942196531792,0.7250755287009063,0.8149620769153663
1h,tekrar,onceden_egitilmis,katman_7,rastgele,katman 2,0.7630057803468208,0.75,0.820475124461225
1h,tekrar,onceden_egitilmis,katman_7,rastgele,katman 3,0.7217391304347827,0.7288135593220338,0.8151633284043553
1h,tekrar,onceden_egitilmis,katman_7,rastgele,katman 4,0.7333333333333333,0.7294117647058823,0.8225231886006185
1h,tekrar,onceden_egitilmis,katman_8,lopo,bitki 0,0.8888888888888888,0.8904109589041096,0.9519675925925926
1h,tekrar,onceden_egitilmis,katman_8,lopo,bitki 1,0.6736111111111112,0.656934306569343,0.7332175925925926
1h,tekrar,onceden_egitilmis,katman_8,lopo,bitki 2,0.6527777777777778,0.7311827956989247,0.8325617283950617
1h,tekrar,onceden_egitilmis,katman_8,lopo,bitki 3,0.7777777777777778,0.7974683544303798,0.8991126543209877
1h,tekrar,onceden_egitilmis,katman_8,lopo,bitki 8,0.7361111111111112,0.703125,0.8520447530864198
1h,tekrar,onceden_egitilmis,katman_8,lopo,bitki 9,0.75,0.75,0.8061342592592592
1h,tekrar,onceden_egitilmis,katman_8,lopo,bitki 10,0.5833333333333334,0.5161290322580645,0.6597222222222222
1h,tekrar,onceden_egitilmis,katman_8,lopo,bitki 11,0.5486111111111112,0.32989690721649484,0.630979938271605
1h,tekrar,onceden_egitilmis,katman_8,lopo,bitki 12,0.7916666666666666,0.8170731707317073,0.8865740740740741
1h,tekrar,onceden_egitilmis,katman_8,lopo,bitki 13,0.5277777777777778,0.5,0.5868055555555556
1h,tekrar,onceden_egitilmis,katman_8,lopo,bitki 14,0.6666666666666666,0.6842105263157895,0.732445987654321
1h,tekrar,onceden_egitilmis,katman_8,lopo,bitki 15,0.7291666666666666,0.7272727272727273,0.8136574074074074
1h,tekrar,onceden_egitilmis,katman_8,yazar,bitki 0+12,0.84375,0.8543689320388349,0.9137731481481481
1h,tekrar,onceden_egitilmis,katman_8,rastgele,katman 0,0.7427745664739884,0.7574931880108992,0.8305322596812457
1h,tekrar,onceden_egitilmis,katman_8,rastgele,katman 1,0.7341040462427746,0.7212121212121212,0.8153296134184236
1h,tekrar,onceden_egitilmis,katman_8,rastgele,katman 2,0.7312138728323699,0.7207207207207207,0.8211767850579705
1h,tekrar,onceden_egitilmis,katman_8,rastgele,katman 3,0.7304347826086957,0.7380281690140845,0.8056190348165075
1h,tekrar,onceden_egitilmis,katman_8,rastgele,katman 4,0.744927536231884,0.7365269461077845,0.8198346551955907
1h,tekrar,rastgele_baslatilmis,son,lopo,bitki 0,0.8541666666666666,0.8551724137931035,0.9319058641975309
1h,tekrar,rastgele_baslatilmis,son,lopo,bitki 1,0.6666666666666666,0.6129032258064516,0.6813271604938272
1h,tekrar,rastgele_baslatilmis,son,lopo,bitki 2,0.7013888888888888,0.7425149700598802,0.8086419753086419
1h,tekrar,rastgele_baslatilmis,son,lopo,bitki 3,0.8333333333333334,0.8378378378378378,0.8993055555555556
1h,tekrar,rastgele_baslatilmis,son,lopo,bitki 8,0.7708333333333334,0.7272727272727273,0.8431712962962963
1h,tekrar,rastgele_baslatilmis,son,lopo,bitki 9,0.7083333333333334,0.6865671641791045,0.7689043209876543
1h,tekrar,rastgele_baslatilmis,son,lopo,bitki 10,0.5277777777777778,0.41379310344827586,0.5345293209876543
1h,tekrar,rastgele_baslatilmis,son,lopo,bitki 11,0.5208333333333334,0.35514018691588783,0.5738811728395062
1h,tekrar,rastgele_baslatilmis,son,lopo,bitki 12,0.7986111111111112,0.8176100628930818,0.8850308641975309
1h,tekrar,rastgele_baslatilmis,son,lopo,bitki 13,0.6180555555555556,0.6308724832214765,0.6178626543209877
1h,tekrar,rastgele_baslatilmis,son,lopo,bitki 14,0.6527777777777778,0.6710526315789473,0.6772762345679012
1h,tekrar,rastgele_baslatilmis,son,lopo,bitki 15,0.7569444444444444,0.7651006711409396,0.8184799382716049
1h,tekrar,rastgele_baslatilmis,son,yazar,bitki 0+12,0.8194444444444444,0.8311688311688312,0.8962191358024691
1h,tekrar,rastgele_baslatilmis,son,rastgele,katman 0,0.7023121387283237,0.7014492753623188,0.7641752146747302
1h,tekrar,rastgele_baslatilmis,son,rastgele,katman 1,0.6763005780346821,0.6626506024096386,0.7425573858130909
1h,tekrar,rastgele_baslatilmis,son,rastgele,katman 2,0.6994219653179191,0.7028571428571428,0.766079722008754
1h,tekrar,rastgele_baslatilmis,son,rastgele,katman 3,0.7101449275362319,0.7041420118343196,0.7790025541067347
1h,tekrar,rastgele_baslatilmis,son,rastgele,katman 4,0.6927536231884058,0.6863905325443787,0.7569229735179459
1h,tekrar,rastgele_baslatilmis,ortalama,lopo,bitki 0,0.8611111111111112,0.8611111111111112,0.9135802469135802
1h,tekrar,rastgele_baslatilmis,ortalama,lopo,bitki 1,0.6805555555555556,0.640625,0.6628086419753086
1h,tekrar,rastgele_baslatilmis,ortalama,lopo,bitki 2,0.6458333333333334,0.711864406779661,0.7935956790123457
1h,tekrar,rastgele_baslatilmis,ortalama,lopo,bitki 3,0.8055555555555556,0.8082191780821918,0.8875385802469137
1h,tekrar,rastgele_baslatilmis,ortalama,lopo,bitki 8,0.7777777777777778,0.7333333333333333,0.8393132716049382
1h,tekrar,rastgele_baslatilmis,ortalama,lopo,bitki 9,0.7430555555555556,0.725925925925926,0.7895447530864197
1h,tekrar,rastgele_baslatilmis,ortalama,lopo,bitki 10,0.4861111111111111,0.3148148148148148,0.5217978395061728
1h,tekrar,rastgele_baslatilmis,ortalama,lopo,bitki 11,0.5138888888888888,0.35185185185185186,0.560763888888889
1h,tekrar,rastgele_baslatilmis,ortalama,lopo,bitki 12,0.7569444444444444,0.7770700636942676,0.8597608024691358
1h,tekrar,rastgele_baslatilmis,ortalama,lopo,bitki 13,0.6319444444444444,0.6535947712418301,0.6246141975308641
1h,tekrar,rastgele_baslatilmis,ortalama,lopo,bitki 14,0.6111111111111112,0.6266666666666667,0.6388888888888888
1h,tekrar,rastgele_baslatilmis,ortalama,lopo,bitki 15,0.7569444444444444,0.7619047619047619,0.8362268518518517
1h,tekrar,rastgele_baslatilmis,ortalama,yazar,bitki 0+12,0.7881944444444444,0.8013029315960912,0.8761574074074073
1h,tekrar,rastgele_baslatilmis,ortalama,rastgele,katman 0,0.6791907514450867,0.6782608695652174,0.7463998128905076
1h,tekrar,rastgele_baslatilmis,ortalama,rastgele,katman 1,0.6820809248554913,0.6726190476190477,0.7394500317417889
1h,tekrar,rastgele_baslatilmis,ortalama,rastgele,katman 2,0.6820809248554913,0.6745562130177515,0.759631127000568
1h,tekrar,rastgele_baslatilmis,ortalama,rastgele,katman 3,0.7130434782608696,0.7096774193548387,0.7893870143836537
1h,tekrar,rastgele_baslatilmis,ortalama,rastgele,katman 4,0.7159420289855073,0.7100591715976331,0.747613926603038
1h,tekrar,rastgele_baslatilmis,katman_0,lopo,bitki 0,0.8333333333333334,0.8285714285714286,0.8898533950617283
1h,tekrar,rastgele_baslatilmis,katman_0,lopo,bitki 1,0.6736111111111112,0.624,0.6572145061728396
1h,tekrar,rastgele_baslatilmis,katman_0,lopo,bitki 2,0.6458333333333334,0.711864406779661,0.7752700617283951
1h,tekrar,rastgele_baslatilmis,katman_0,lopo,bitki 3,0.8194444444444444,0.8243243243243243,0.8883101851851852
1h,tekrar,rastgele_baslatilmis,katman_0,lopo,bitki 8,0.7777777777777778,0.7333333333333333,0.833912037037037
1h,tekrar,rastgele_baslatilmis,katman_0,lopo,bitki 9,0.7152777777777778,0.6962962962962963,0.7822145061728395
1h,tekrar,rastgele_baslatilmis,katman_0,lopo,bitki 10,0.4652777777777778,0.3063063063063063,0.5339506172839505
1h,tekrar,rastgele_baslatilmis,katman_0,lopo,bitki 11,0.4791666666666667,0.24242424242424243,0.5698302469135802
1h,tekrar,rastgele_baslatilmis,katman_0,lopo,bitki 12,0.7986111111111112,0.8152866242038217,0.8773148148148149
1h,tekrar,rastgele_baslatilmis,katman_0,lopo,bitki 13,0.6319444444444444,0.6580645161290323,0.640625
1h,tekrar,rastgele_baslatilmis,katman_0,lopo,bitki 14,0.6180555555555556,0.6451612903225806,0.6730324074074074
1h,tekrar,rastgele_baslatilmis,katman_0,lopo,bitki 15,0.7638888888888888,0.7702702702702703,0.8404706790123458
1h,tekrar,rastgele_baslatilmis,katman_0,yazar,bitki 0+12,0.8055555555555556,0.8145695364238411,0.8728298611111113
1h,tekrar,rastgele_baslatilmis,katman_0,rastgele,katman 0,0.6705202312138728,0.6742857142857143,0.736509739717331
1h,tekrar,rastgele_baslatilmis,katman_0,rastgele,katman 1,0.6705202312138728,0.6607142857142857,0.7453640282000734
1h,tekrar,rastgele_baslatilmis,katman_0,rastgele,katman 2,0.6878612716763006,0.6727272727272727,0.7557886999231516
1h,tekrar,rastgele_baslatilmis,katman_0,rastgele,katman 3,0.7188405797101449,0.717201166180758,0.7759107406909531
1h,tekrar,rastgele_baslatilmis,katman_0,rastgele,katman 4,0.6869565217391305,0.6766467065868264,0.7470762199220324
1h,tekrar,rastgele_baslatilmis,katman_1,lopo,bitki 0,0.8125,0.8085106382978723,0.8898533950617283
1h,tekrar,rastgele_baslatilmis,katman_1,lopo,bitki 1,0.6736111111111112,0.6178861788617886,0.6776620370370371
1h,tekrar,rastgele_baslatilmis,katman_1,lopo,bitki 2,0.5972222222222222,0.6777777777777778,0.7783564814814815
1h,tekrar,rastgele_baslatilmis,katman_1,lopo,bitki 3,0.7986111111111112,0.7972027972027972,0.8883101851851852
1h,tekrar,rastgele_baslatilmis,katman_1,lopo,bitki 8,0.7708333333333334,0.7272727272727273,0.8215663580246914
1h,tekrar,rastgele_baslatilmis,katman_1,lopo,bitki 9,0.7430555555555556,0.725925925925926,0.8030478395061728
1h,tekrar,rastgele_baslatilmis,katman_1,lopo,bitki 10,0.4652777777777778,0.3063063063063063,0.5121527777777778
1h,tekrar,rastgele_baslatilmis,katman_1,lopo,bitki 11,0.5,0.2653061224489796,0.5771604938271605
1h,tekrar,rastgele_baslatilmis,katman_1,lopo,bitki 12,0.7847222222222222,0.8050314465408805,0.8688271604938271
1h,tekrar,rastgele_baslatilmis,katman_1,lopo,bitki 13,0.5972222222222222,0.6282051282051282,0.6222993827160493
1h,tekrar,rastgele_baslatilmis,katman_1,lopo,bitki 14,0.6041666666666666,0.632258064516129,0.6618441358024691
1h,tekrar,rastgele_baslatilmis,katman_1,lopo,bitki 15,0.7777777777777778,0.7894736842105263,0.8425925925925927
1h,tekrar,rastgele_baslatilmis,katman_1,yazar,bitki 0+12,0.8020833333333334,0.8118811881188119,0.8648244598765432
1h,tekrar,rastgele_baslatilmis,katman_1,rastgele,katman 0,0.6705202312138728,0.6686046511627907,0.7475024223996792
1h,tekrar,rastgele_baslatilmis,katman_1,rastgele,katman 1,0.6907514450867052,0.6747720364741642,0.7422232617194027
1h,tekrar,rastgele_baslatilmis,katman_1,rastgele,katman 2,0.6820809248554913,0.6726190476190477,0.7540846670453407
1h,tekrar,rastgele_baslatilmis,katman_1,rastgele,katman 3,0.7101449275362319,0.7041420118343196,0.7789017341040462
1h,tekrar,rastgele_baslatilmis,katman_1,rastgele,katman 4,0.6840579710144927,0.6726726726726727,0.7513778733700764
1h,tekrar,rastgele_baslatilmis,katman_2,lopo,bitki 0,0.8194444444444444,0.8194444444444444,0.890625
1h,tekrar,rastgele_baslatilmis,katman_2,lopo,bitki 1,0.6666666666666666,0.6129032258064516,0.6722608024691358
1h,tekrar,rastgele_baslatilmis,katman_2,lopo,bitki 2,0.6527777777777778,0.7126436781609196,0.777391975308642
1h,tekrar,rastgele_baslatilmis,katman_2,lopo,bitki 3,0.8125,0.8163265306122449,0.8832947530864198
1h,tekrar,rastgele_baslatilmis,katman_2,lopo,bitki 8,0.7847222222222222,0.743801652892562,0.8310185185185185
1h,tekrar,rastgele_baslatilmis,katman_2,lopo,bitki 9,0.7569444444444444,0.7407407407407407,0.8042052469135803
1h,tekrar,rastgele_baslatilmis,katman_2,lopo,bitki 10,0.4722222222222222,0.2830188679245283,0.5173611111111112
1h,tekrar,rastgele_baslatilmis,katman_2,lopo,bitki 11,0.5277777777777778,0.3333333333333333,0.5869984567901234
1h,tekrar,rastgele_baslatilmis,katman_2,lopo,bitki 12,0.7638888888888888,0.782051282051282,0.8537808641975309
1h,tekrar,rastgele_baslatilmis,katman_2,lopo,bitki 13,0.625,0.6582278481012658,0.6136188271604939
1h,tekrar,rastgele_baslatilmis,katman_2,lopo,bitki 14,0.5763888888888888,0.6114649681528662,0.6402391975308643
1h,tekrar,rastgele_baslatilmis,katman_2,lopo,bitki 15,0.7708333333333334,0.7814569536423841,0.830054012345679
1h,tekrar,rastgele_baslatilmis,katman_2,yazar,bitki 0+12,0.7777777777777778,0.7837837837837838,0.863377700617284
1h,tekrar,rastgele_baslatilmis,katman_2,rastgele,katman 0,0.6936416184971098,0.6954022988505747,0.7530154699455378
1h,tekrar,rastgele_baslatilmis,katman_2,rastgele,katman 1,0.6820809248554913,0.6745562130177515,0.7372448127234453
1h,tekrar,rastgele_baslatilmis,katman_2,rastgele,katman 2,0.6965317919075145,0.6846846846846847,0.7520465100738414
1h,tekrar,rastgele_baslatilmis,katman_2,rastgele,katman 3,0.7188405797101449,0.7155425219941349,0.7734910606264283
1h,tekrar,rastgele_baslatilmis,katman_2,rastgele,katman 4,0.6985507246376812,0.6867469879518072,0.7581664202177711
1h,tekrar,rastgele_baslatilmis,katman_3,lopo,bitki 0,0.8125,0.8111888111888111,0.9066358024691358
1h,tekrar,rastgele_baslatilmis,katman_3,lopo,bitki 1,0.6875,0.6511627906976745,0.666087962962963
1h,tekrar,rastgele_baslatilmis,katman_3,lopo,bitki 2,0.6458333333333334,0.7052023121387283,0.7660108024691358
1h,tekrar,rastgele_baslatilmis,katman_3,lopo,bitki 3,0.8055555555555556,0.8133333333333334,0.8942901234567902
1h,tekrar,rastgele_baslatilmis,katman_3,lopo,bitki 8,0.7569444444444444,0.7008547008547008,0.8379629629629629
1h,tekrar,rastgele_baslatilmis,katman_3,lopo,bitki 9,0.7430555555555556,0.7218045112781954,0.787037037037037
1h,tekrar,rastgele_baslatilmis,katman_3,lopo,bitki 10,0.5,0.34545454545454546,0.5127314814814815
1h,tekrar,rastgele_baslatilmis,katman_3,lopo,bitki 11,0.5416666666666666,0.3888888888888889,0.5619212962962963
1h,tekrar,rastgele_baslatilmis,katman_3,lopo,bitki 12,0.7916666666666666,0.810126582278481,0.8557098765432098
1h,tekrar,rastgele_baslatilmis,katman_3,lopo,bitki 13,0.6111111111111112,0.6266666666666667,0.6124614197530864
1h,tekrar,rastgele_baslatilmis,katman_3,lopo,bitki 14,0.5833333333333334,0.6052631578947368,0.6190200617283951
1h,tekrar,rastgele_baslatilmis,katman_3,lopo,bitki 15,0.7708333333333334,0.7724137931034483,0.833912037037037
1h,tekrar,rastgele_baslatilmis,katman_3,yazar,bitki 0+12,0.7951388888888888,0.8078175895765473,0.8729263117283951
1h,tekrar,rastgele_baslatilmis,katman_3,rastgele,katman 0,0.6907514450867052,0.6898550724637681,0.7477363092652611
1h,tekrar,rastgele_baslatilmis,katman_3,rastgele,katman 1,0.6763005780346821,0.6666666666666666,0.7382471850045107
1h,tekrar,rastgele_baslatilmis,katman_3,rastgele,katman 2,0.6763005780346821,0.6686390532544378,0.7566908349761101
1h,tekrar,rastgele_baslatilmis,katman_3,rastgele,katman 3,0.7130434782608696,0.7079646017699115,0.7874042209974459
1h,tekrar,rastgele_baslatilmis,katman_3,rastgele,katman 4,0.7043478260869566,0.6946107784431138,0.7527557467401533
1h,tekrar,rastgele_baslatilmis,katman_4,lopo,bitki 0,0.8541666666666666,0.8531468531468531,0.9174382716049383
1h,tekrar,rastgele_baslatilmis,katman_4,lopo,bitki 1,0.6805555555555556,0.6461538461538462,0.6687885802469137
1h,tekrar,rastgele_baslatilmis,katman_4,lopo,bitki 2,0.6319444444444444,0.7005649717514124,0.7716049382716049
1h,tekrar,rastgele_baslatilmis,katman_4,lopo,bitki 3,0.7777777777777778,0.7837837837837838,0.8844521604938271
1h,tekrar,rastgele_baslatilmis,katman_4,lopo,bitki 8,0.7777777777777778,0.7333333333333333,0.8518518518518517
1h,tekrar,rastgele_baslatilmis,katman_4,lopo,bitki 9,0.7291666666666666,0.7111111111111111,0.7785493827160495
1h,tekrar,rastgele_baslatilmis,katman_4,lopo,bitki 10,0.5,0.3684210526315789,0.5308641975308641
1h,tekrar,rastgele_baslatilmis,katman_4,lopo,bitki 11,0.4861111111111111,0.28846153846153844,0.5437885802469136
1h,tekrar,rastgele_baslatilmis,katman_4,lopo,bitki 12,0.7916666666666666,0.8076923076923077,0.8580246913580247
1h,tekrar,rastgele_baslatilmis,katman_4,lopo,bitki 13,0.6319444444444444,0.6490066225165563,0.6323302469135803
1h,tekrar,rastgele_baslatilmis,katman_4,lopo,bitki 14,0.5972222222222222,0.618421052631579,0.6273148148148148
1h,tekrar,rastgele_baslatilmis,katman_4,lopo,bitki 15,0.7361111111111112,0.7323943661971831,0.8234953703703705
1h,tekrar,rastgele_baslatilmis,katman_4,yazar,bitki 0+12,0.7951388888888888,0.8078175895765473,0.8806905864197531
1h,tekrar,rastgele_baslatilmis,katman_4,rastgele,katman 0,0.6791907514450867,0.6801152737752162,0.7460322763874503
1h,tekrar,rastgele_baslatilmis,katman_4,rastgele,katman 1,0.6763005780346821,0.6666666666666666,0.737378462360921
1h,tekrar,rastgele_baslatilmis,katman_4,rastgele,katman 2,0.6705202312138728,0.6666666666666666,0.7542851415015537
1h,tekrar,rastgele_baslatilmis,katman_4,rastgele,katman 3,0.7333333333333333,0.727810650887574,0.7803804274768112
1h,tekrar,rastgele_baslatilmis,katman_4,rastgele,katman 4,0.6956521739130435,0.6865671641791045,0.7459335932248958
1h,tekrar,rastgele_baslatilmis,katman_5,lopo,bitki 0,0.8541666666666666,0.851063829787234,0.920138888888889
1h,tekrar,rastgele_baslatilmis,katman_5,lopo,bitki 1,0.6805555555555556,0.640625,0.6643518518518519
1h,tekrar,rastgele_baslatilmis,katman_5,lopo,bitki 2,0.6458333333333334,0.7052023121387283,0.7712191358024691
1h,tekrar,rastgele_baslatilmis,katman_5,lopo,bitki 3,0.7986111111111112,0.8027210884353742,0.8929398148148148
1h,tekrar,rastgele_baslatilmis,katman_5,lopo,bitki 8,0.7777777777777778,0.7377049180327869,0.8277391975308642
1h,tekrar,rastgele_baslatilmis,katman_5,lopo,bitki 9,0.7430555555555556,0.7299270072992701,0.7802854938271605
1h,tekrar,rastgele_baslatilmis,katman_5,lopo,bitki 10,0.5,0.35714285714285715,0.5306712962962963
1h,tekrar,rastgele_baslatilmis,katman_5,lopo,bitki 11,0.4722222222222222,0.2830188679245283,0.535108024691358
1h,tekrar,rastgele_baslatilmis,katman_5,lopo,bitki 12,0.7777777777777778,0.8,0.8682484567901234
1h,tekrar,rastgele_baslatilmis,katman_5,lopo,bitki 13,0.625,0.6447368421052632,0.630787037037037
1h,tekrar,rastgele_baslatilmis,katman_5,lopo,bitki 14,0.6041666666666666,0.632258064516129,0.6377314814814814
1h,tekrar,rastgele_baslatilmis,katman_5,lopo,bitki 15,0.7569444444444444,0.7586206896551724,0.8078703703703702
1h,tekrar,rastgele_baslatilmis,katman_5,yazar,bitki 0+12,0.7951388888888888,0.8102893890675241,0.8826195987654322
1h,tekrar,rastgele_baslatilmis,katman_5,rastgele,katman 0,0.6994219653179191,0.695906432748538,0.7426910354505664
1h,tekrar,rastgele_baslatilmis,katman_5,rastgele,katman 1,0.6763005780346821,0.6666666666666666,0.739450031741789
1h,tekrar,rastgele_baslatilmis,katman_5,rastgele,katman 2,0.6705202312138728,0.6647058823529411,0.7584282802632898
1h,tekrar,rastgele_baslatilmis,katman_5,rastgele,katman 3,0.7072463768115942,0.7038123167155426,0.7863624143029977
1h,tekrar,rastgele_baslatilmis,katman_5,rastgele,katman 4,0.6869565217391305,0.6804733727810651,0.7450934265358247
1h,tekrar,rastgele_baslatilmis,katman_6,lopo,bitki 0,0.8611111111111112,0.8611111111111112,0.9247685185185185
1h,tekrar,rastgele_baslatilmis,katman_6,lopo,bitki 1,0.6666666666666666,0.6190476190476191,0.6770833333333334
1h,tekrar,rastgele_baslatilmis,katman_6,lopo,bitki 2,0.6527777777777778,0.7093023255813954,0.788966049382716
1h,tekrar,rastgele_baslatilmis,katman_6,lopo,bitki 3,0.7916666666666666,0.7916666666666666,0.8950617283950618
1h,tekrar,rastgele_baslatilmis,katman_6,lopo,bitki 8,0.7638888888888888,0.7258064516129032,0.8364197530864197
1h,tekrar,rastgele_baslatilmis,katman_6,lopo,bitki 9,0.7291666666666666,0.706766917293233,0.7849151234567902
1h,tekrar,rastgele_baslatilmis,katman_6,lopo,bitki 10,0.5277777777777778,0.38181818181818183,0.5326003086419753
1h,tekrar,rastgele_baslatilmis,katman_6,lopo,bitki 11,0.5,0.3333333333333333,0.5459104938271604
1h,tekrar,rastgele_baslatilmis,katman_6,lopo,bitki 12,0.7708333333333334,0.7924528301886793,0.8751929012345679
1h,tekrar,rastgele_baslatilmis,katman_6,lopo,bitki 13,0.6319444444444444,0.6490066225165563,0.6433256172839507
1h,tekrar,rastgele_baslatilmis,katman_6,lopo,bitki 14,0.625,0.64,0.6514274691358025
1h,tekrar,rastgele_baslatilmis,katman_6,lopo,bitki 15,0.7569444444444444,0.7619047619047619,0.8126929012345679
1h,tekrar,rastgele_baslatilmis,katman_6,yazar,bitki 0+12,0.8125,0.8235294117647058,0.8891782407407407
1h,tekrar,rastgele_baslatilmis,katman_6,rastgele,katman 0,0.6878612716763006,0.686046511627907,0.7479033713121053
1h,tekrar,rastgele_baslatilmis,katman_6,rastgele,katman 1,0.6734104046242775,0.6666666666666666,0.7461659260249255
1h,tekrar,rastgele_baslatilmis,katman_6,rastgele,katman 2,0.6994219653179191,0.6941176470588235,0.7634735540779846
1h,tekrar,rastgele_baslatilmis,katman_6,rastgele,katman 3,0.7014492753623188,0.6979472140762464,0.7906304610834789
1h,tekrar,rastgele_baslatilmis,katman_6,rastgele,katman 4,0.6956521739130435,0.6920821114369502,0.7543352601156069
1h,tekrar,rastgele_baslatilmis,katman_7,lopo,bitki 0,0.8541666666666666,0.8571428571428571,0.9270833333333334
1h,tekrar,rastgele_baslatilmis,katman_7,lopo,bitki 1,0.6527777777777778,0.5967741935483871,0.6915509259259259
1h,tekrar,rastgele_baslatilmis,katman_7,lopo,bitki 2,0.6666666666666666,0.7209302325581395,0.8028549382716049
1h,tekrar,rastgele_baslatilmis,katman_7,lopo,bitki 3,0.7916666666666666,0.7972972972972973,0.9020061728395061
1h,tekrar,rastgele_baslatilmis,katman_7,lopo,bitki 8,0.7708333333333334,0.7272727272727273,0.8466435185185186
1h,tekrar,rastgele_baslatilmis,katman_7,lopo,bitki 9,0.6944444444444444,0.6764705882352942,0.7829861111111112
1h,tekrar,rastgele_baslatilmis,katman_7,lopo,bitki 10,0.5138888888888888,0.36363636363636365,0.5252700617283951
1h,tekrar,rastgele_baslatilmis,katman_7,lopo,bitki 11,0.5208333333333334,0.34285714285714286,0.5626929012345679
1h,tekrar,rastgele_baslatilmis,katman_7,lopo,bitki 12,0.7916666666666666,0.8125,0.8763503086419754
1h,tekrar,rastgele_baslatilmis,katman_7,lopo,bitki 13,0.6319444444444444,0.6442953020134228,0.6390817901234569
1h,tekrar,rastgele_baslatilmis,katman_7,lopo,bitki 14,0.6458333333333334,0.6482758620689655,0.6886574074074073
1h,tekrar,rastgele_baslatilmis,katman_7,lopo,bitki 15,0.7777777777777778,0.7808219178082192,0.8256172839506173
1h,tekrar,rastgele_baslatilmis,katman_7,yazar,bitki 0+12,0.8090277777777778,0.8220064724919094,0.8899498456790123
1h,tekrar,rastgele_baslatilmis,katman_7,rastgele,katman 0,0.6878612716763006,0.6878612716763006,0.757325670754118
1h,tekrar,rastgele_baslatilmis,katman_7,rastgele,katman 1,0.6936416184971098,0.6748466257668712,0.7417889003976077
1h,tekrar,rastgele_baslatilmis,katman_7,rastgele,katman 2,0.7052023121387283,0.7,0.7662467840555982
1h,tekrar,rastgele_baslatilmis,katman_7,rastgele,katman 3,0.7101449275362319,0.7058823529411765,0.7894542277187793
1h,tekrar,rastgele_baslatilmis,katman_7,rastgele,katman 4,0.6782608695652174,0.672566371681416,0.7651230004032801
1h,tekrar,rastgele_baslatilmis,katman_8,lopo,bitki 0,0.8541666666666666,0.8551724137931035,0.9319058641975309
1h,tekrar,rastgele_baslatilmis,katman_8,lopo,bitki 1,0.6666666666666666,0.6129032258064516,0.6813271604938272
1h,tekrar,rastgele_baslatilmis,katman_8,lopo,bitki 2,0.7013888888888888,0.7425149700598802,0.8086419753086419
1h,tekrar,rastgele_baslatilmis,katman_8,lopo,bitki 3,0.8333333333333334,0.8378378378378378,0.8993055555555556
1h,tekrar,rastgele_baslatilmis,katman_8,lopo,bitki 8,0.7708333333333334,0.7272727272727273,0.8431712962962963
1h,tekrar,rastgele_baslatilmis,katman_8,lopo,bitki 9,0.7083333333333334,0.6865671641791045,0.7689043209876543
1h,tekrar,rastgele_baslatilmis,katman_8,lopo,bitki 10,0.5277777777777778,0.41379310344827586,0.5345293209876543
1h,tekrar,rastgele_baslatilmis,katman_8,lopo,bitki 11,0.5208333333333334,0.35514018691588783,0.5738811728395062
1h,tekrar,rastgele_baslatilmis,katman_8,lopo,bitki 12,0.7986111111111112,0.8176100628930818,0.8850308641975309
1h,tekrar,rastgele_baslatilmis,katman_8,lopo,bitki 13,0.6180555555555556,0.6308724832214765,0.6178626543209877
1h,tekrar,rastgele_baslatilmis,katman_8,lopo,bitki 14,0.6527777777777778,0.6710526315789473,0.6772762345679012
1h,tekrar,rastgele_baslatilmis,katman_8,lopo,bitki 15,0.7569444444444444,0.7651006711409396,0.8184799382716049
1h,tekrar,rastgele_baslatilmis,katman_8,yazar,bitki 0+12,0.8194444444444444,0.8311688311688312,0.8962191358024691
1h,tekrar,rastgele_baslatilmis,katman_8,rastgele,katman 0,0.7023121387283237,0.7014492753623188,0.7641752146747302
1h,tekrar,rastgele_baslatilmis,katman_8,rastgele,katman 1,0.6763005780346821,0.6626506024096386,0.7425573858130909
1h,tekrar,rastgele_baslatilmis,katman_8,rastgele,katman 2,0.6994219653179191,0.7028571428571428,0.766079722008754
1h,tekrar,rastgele_baslatilmis,katman_8,rastgele,katman 3,0.7101449275362319,0.7041420118343196,0.7790025541067347
1h,tekrar,rastgele_baslatilmis,katman_8,rastgele,katman 4,0.6927536231884058,0.6863905325443787,0.7569229735179459
30min,tekrar,onceden_egitilmis,son,lopo,bitki 0,0.8993055555555556,0.8982456140350877,0.9595871913580247
30min,tekrar,onceden_egitilmis,son,lopo,bitki 1,0.5625,0.55,0.6182484567901234
30min,tekrar,onceden_egitilmis,son,lopo,bitki 2,0.6597222222222222,0.7231638418079096,0.8158757716049383
30min,tekrar,onceden_egitilmis,son,lopo,bitki 3,0.8194444444444444,0.8311688311688312,0.9128568672839505
30min,tekrar,onceden_egitilmis,son,lopo,bitki 8,0.7465277777777778,0.683982683982684,0.8822820216049383
30min,tekrar,onceden_egitilmis,son,lopo,bitki 9,0.6319444444444444,0.6159420289855072,0.7009066358024691
30min,tekrar,onceden_egitilmis,son,lopo,bitki 10,0.6284722222222222,0.563265306122449,0.7118537808641975
30min,tekrar,onceden_egitilmis,son,lopo,bitki 11,0.59375,0.4608294930875576,0.6823398919753086
30min,tekrar,onceden_egitilmis,son,lopo,bitki 12,0.7118055555555556,0.7167235494880546,0.8071952160493827
30min,tekrar,onceden_egitilmis,son,lopo,bitki 13,0.5069444444444444,0.4701492537313433,0.48784722222222227
30min,tekrar,onceden_egitilmis,son,lopo,bitki 14,0.6909722222222222,0.729483282674772,0.7667341820987654
30min,tekrar,onceden_egitilmis,son,lopo,bitki 15,0.7152777777777778,0.7302631578947368,0.8169849537037037
30min,tekrar,onceden_egitilmis,son,yazar,bitki 0+12,0.8246527777777778,0.8273504273504273,0.8989559220679012
30min,tekrar,onceden_egitilmis,son,rastgele,katman 0,0.726878612716763,0.7157894736842105,0.8071018076113469
30min,tekrar,onceden_egitilmis,son,rastgele,katman 1,0.7149059334298119,0.7055306427503737,0.8043478260869565
30min,tekrar,onceden_egitilmis,son,rastgele,katman 2,0.7612156295224313,0.7569955817378498,0.8367680321688867
30min,tekrar,onceden_egitilmis,son,rastgele,katman 3,0.7510853835021708,0.7514450867052023,0.8373125575940352
30min,tekrar,onceden_egitilmis,son,rastgele,katman 4,0.7250361794500724,0.7293447293447294,0.8031247382089303
30min,tekrar,onceden_egitilmis,ortalama,lopo,bitki 0,0.9166666666666666,0.9183673469387755,0.9679301697530864
30min,tekrar,onceden_egitilmis,ortalama,lopo,bitki 1,0.59375,0.6033898305084746,0.6539834104938271
30min,tekrar,onceden_egitilmis,ortalama,lopo,bitki 2,0.6770833333333334,0.7350427350427351,0.8268711419753086
30min,tekrar,onceden_egitilmis,ortalama,lopo,bitki 3,0.7986111111111112,0.8104575163398693,0.9209104938271605
30min,tekrar,onceden_egitilmis,ortalama,lopo,bitki 8,0.7430555555555556,0.6810344827586207,0.8777970679012346
30min,tekrar,onceden_egitilmis,ortalama,lopo,bitki 9,0.6006944444444444,0.5818181818181818,0.6649305555555556
30min,tekrar,onceden_egitilmis,ortalama,lopo,bitki 10,0.6354166666666666,0.5679012345679012,0.7341820987654322
30min,tekrar,onceden_egitilmis,ortalama,lopo,bitki 11,0.6145833333333334,0.497737556561086,0.7427179783950617
30min,tekrar,onceden_egitilmis,ortalama,lopo,bitki 12,0.7465277777777778,0.7558528428093646,0.8355034722222222
30min,tekrar,onceden_egitilmis,ortalama,lopo,bitki 13,0.5173611111111112,0.49454545454545457,0.527295524691358
30min,tekrar,onceden_egitilmis,ortalama,lopo,bitki 14,0.7222222222222222,0.75,0.8075327932098766
30min,tekrar,onceden_egitilmis,ortalama,lopo,bitki 15,0.7430555555555556,0.75,0.8093653549382718
30min,tekrar,onceden_egitilmis,ortalama,yazar,bitki 0+12,0.8246527777777778,0.8325041459369817,0.920018325617284
30min,tekrar,onceden_egitilmis,ortalama,rastgele,katman 0,0.7341040462427746,0.7261904761904762,0.823582478532527
30min,tekrar,onceden_egitilmis,ortalama,rastgele,katman 1,0.7467438494934877,0.7437774524158126,0.8223255424310967
30min,tekrar,onceden_egitilmis,ortalama,rastgele,katman 2,0.768451519536903,0.7647058823529411,0.8485130267236325
30min,tekrar,onceden_egitilmis,ortalama,rastgele,katman 3,0.7510853835021708,0.7521613832853026,0.8459830778252493
30min,tekrar,onceden_egitilmis,ortalama,rastgele,katman 4,0.7496382054992764,0.7587168758716876,0.8281812850800034
30min,tekrar,onceden_egitilmis,katman_0,lopo,bitki 0,0.9166666666666666,0.9183673469387755,0.9697627314814815
30min,tekrar,onceden_egitilmis,katman_0,lopo,bitki 1,0.6006944444444444,0.6020761245674741,0.6548514660493827
30min,tekrar,onceden_egitilmis,katman_0,lopo,bitki 2,0.6840277777777778,0.736231884057971,0.8409529320987654
30min,tekrar,onceden_egitilmis,katman_0,lopo,bitki 3,0.8333333333333334,0.8421052631578947,0.9155574845679012
30min,tekrar,onceden_egitilmis,katman_0,lopo,bitki 8,0.7569444444444444,0.6982758620689655,0.8894193672839507
30min,tekrar,onceden_egitilmis,katman_0,lopo,bitki 9,0.5972222222222222,0.5606060606060606,0.6119309413580247
30min,tekrar,onceden_egitilmis,katman_0,lopo,bitki 10,0.6284722222222222,0.5560165975103735,0.7083815586419753
30min,tekrar,onceden_egitilmis,katman_0,lopo,bitki 11,0.6388888888888888,0.5094339622641509,0.7509645061728395
30min,tekrar,onceden_egitilmis,katman_0,lopo,bitki 12,0.7881944444444444,0.805111821086262,0.8507908950617283
30min,tekrar,onceden_egitilmis,katman_0,lopo,bitki 13,0.5069444444444444,0.5103448275862069,0.535108024691358
30min,tekrar,onceden_egitilmis,katman_0,lopo,bitki 14,0.6527777777777778,0.7058823529411765,0.757716049382716
30min,tekrar,onceden_egitilmis,katman_0,lopo,bitki 15,0.7361111111111112,0.7532467532467533,0.8101851851851853
30min,tekrar,onceden_egitilmis,katman_0,yazar,bitki 0+12,0.8472222222222222,0.8562091503267973,0.9245997299382716
30min,tekrar,onceden_egitilmis,katman_0,rastgele,katman 0,0.7384393063583815,0.7310549777117384,0.8099836279194093
30min,tekrar,onceden_egitilmis,katman_0,rastgele,katman 1,0.7409551374819102,0.7324364723467862,0.8241182876769706
30min,tekrar,onceden_egitilmis,katman_0,rastgele,katman 2,0.7800289435600579,0.7822349570200573,0.8443076149786379
30min,tekrar,onceden_egitilmis,katman_0,rastgele,katman 3,0.7424023154848046,0.7366863905325444,0.818404959370026
30min,tekrar,onceden_egitilmis,katman_0,rastgele,katman 4,0.7250361794500724,0.7285714285714285,0.8111334506157326
30min,tekrar,onceden_egitilmis,katman_1,lopo,bitki 0,0.9236111111111112,0.9251700680272109,0.9728009259259259
30min,tekrar,onceden_egitilmis,katman_1,lopo,bitki 1,0.6076388888888888,0.6007067137809188,0.6418306327160493
30min,tekrar,onceden_egitilmis,katman_1,lopo,bitki 2,0.7152777777777778,0.7630057803468208,0.8465952932098765
30min,tekrar,onceden_egitilmis,katman_1,lopo,bitki 3,0.8472222222222222,0.8580645161290322,0.92602237654321
30min,tekrar,onceden_egitilmis,katman_1,lopo,bitki 8,0.7430555555555556,0.6782608695652174,0.8654513888888887
30min,tekrar,onceden_egitilmis,katman_1,lopo,bitki 9,0.5729166666666666,0.532319391634981,0.6255787037037037
30min,tekrar,onceden_egitilmis,katman_1,lopo,bitki 10,0.6180555555555556,0.5491803278688525,0.6837866512345678
30min,tekrar,onceden_egitilmis,katman_1,lopo,bitki 11,0.6215277777777778,0.4976958525345622,0.6991222993827161
30min,tekrar,onceden_egitilmis,katman_1,lopo,bitki 12,0.7534722222222222,0.7702265372168284,0.8383487654320988
30min,tekrar,onceden_egitilmis,katman_1,lopo,bitki 13,0.5173611111111112,0.508833922261484,0.5415702160493827
30min,tekrar,onceden_egitilmis,katman_1,lopo,bitki 14,0.6805555555555556,0.7195121951219512,0.7763792438271605
30min,tekrar,onceden_egitilmis,katman_1,lopo,bitki 15,0.7569444444444444,0.7651006711409396,0.8001543209876543
30min,tekrar,onceden_egitilmis,katman_1,yazar,bitki 0+12,0.84375,0.8509933774834437,0.9254436728395061
30min,tekrar,onceden_egitilmis,katman_1,rastgele,katman 0,0.7341040462427746,0.7261904761904762,0.8142186508069097
30min,tekrar,onceden_egitilmis,katman_1,rastgele,katman 1,0.7395079594790159,0.7329376854599406,0.8145178855658874
30min,tekrar,onceden_egitilmis,katman_1,rastgele,katman 2,0.7510853835021708,0.7470588235294118,0.8401608444332749
30min,tekrar,onceden_egitilmis,katman_1,rastgele,katman 3,0.7510853835021708,0.7478005865102639,0.8205998156990868
30min,tekrar,onceden_egitilmis,katman_1,rastgele,katman 4,0.7395079594790159,0.7450424929178471,0.819728575018849
30min,tekrar,onceden_egitilmis,katman_2,lopo,bitki 0,0.9097222222222222,0.9121621621621622,0.9701003086419753
30min,tekrar,onceden_egitilmis,katman_2,lopo,bitki 1,0.5902777777777778,0.5845070422535211,0.6373456790123457
30min,tekrar,onceden_egitilmis,katman_2,lopo,bitki 2,0.6944444444444444,0.7426900584795322,0.8315489969135802
30min,tekrar,onceden_egitilmis,katman_2,lopo,bitki 3,0.8333333333333334,0.8441558441558441,0.9148341049382716
30min,tekrar,onceden_egitilmis,katman_2,lopo,bitki 8,0.7291666666666666,0.6517857142857143,0.8676215277777777
30min,tekrar,onceden_egitilmis,katman_2,lopo,bitki 9,0.5555555555555556,0.5038759689922481,0.6161747685185186
30min,tekrar,onceden_egitilmis,katman_2,lopo,bitki 10,0.6076388888888888,0.5311203319502075,0.7148919753086419
30min,tekrar,onceden_egitilmis,katman_2,lopo,bitki 11,0.6423611111111112,0.5339366515837104,0.7553047839506172
30min,tekrar,onceden_egitilmis,katman_2,lopo,bitki 12,0.7395833333333334,0.7508305647840532,0.8148630401234568
30min,tekrar,onceden_egitilmis,katman_2,lopo,bitki 13,0.5416666666666666,0.5540540540540541,0.533227237654321
30min,tekrar,onceden_egitilmis,katman_2,lopo,bitki 14,0.6701388888888888,0.7164179104477612,0.7725212191358024
30min,tekrar,onceden_egitilmis,katman_2,lopo,bitki 15,0.7465277777777778,0.760655737704918,0.8076774691358025
30min,tekrar,onceden_egitilmis,katman_2,yazar,bitki 0+12,0.8246527777777778,0.8336079077429983,0.9112895447530865
30min,tekrar,onceden_egitilmis,katman_2,rastgele,katman 0,0.7355491329479769,0.7312775330396476,0.8122306124494637
30min,tekrar,onceden_egitilmis,katman_2,rastgele,katman 1,0.7337192474674384,0.7261904761904762,0.8205998156990868
30min,tekrar,onceden_egitilmis,katman_2,rastgele,katman 2,0.7568740955137482,0.7514792899408284,0.8348328725810505
30min,tekrar,onceden_egitilmis,katman_2,rastgele,katman 3,0.7409551374819102,0.7348148148148148,0.8270084610873755
30min,tekrar,onceden_egitilmis,katman_2,rastgele,katman 4,0.7308248914616498,0.7380281690140845,0.8216804892351511
30min,tekrar,onceden_egitilmis,katman_3,lopo,bitki 0,0.8958333333333334,0.8972602739726028,0.9655671296296297
30min,tekrar,onceden_egitilmis,katman_3,lopo,bitki 1,0.5902777777777778,0.5815602836879432,0.6465567129629629
30min,tekrar,onceden_egitilmis,katman_3,lopo,bitki 2,0.7291666666666666,0.7678571428571429,0.8354070216049383
30min,tekrar,onceden_egitilmis,katman_3,lopo,bitki 3,0.8298611111111112,0.8372093023255814,0.9151234567901234
30min,tekrar,onceden_egitilmis,katman_3,lopo,bitki 8,0.7395833333333334,0.6781115879828327,0.8616898148148147
30min,tekrar,onceden_egitilmis,katman_3,lopo,bitki 9,0.5659722222222222,0.5353159851301115,0.6363811728395061
30min,tekrar,onceden_egitilmis,katman_3,lopo,bitki 10,0.625,0.5537190082644629,0.7218846450617284
30min,tekrar,onceden_egitilmis,katman_3,lopo,bitki 11,0.6354166666666666,0.5291479820627802,0.7647569444444444
30min,tekrar,onceden_egitilmis,katman_3,lopo,bitki 12,0.7256944444444444,0.7375415282392026,0.8074363425925926
30min,tekrar,onceden_egitilmis,katman_3,lopo,bitki 13,0.5381944444444444,0.5365853658536586,0.5299961419753086
30min,tekrar,onceden_egitilmis,katman_3,lopo,bitki 14,0.6805555555555556,0.7160493827160493,0.7731481481481481
30min,tekrar,onceden_egitilmis,katman_3,lopo,bitki 15,0.7291666666666666,0.7417218543046358,0.8078703703703705
30min,tekrar,onceden_egitilmis,katman_3,yazar,bitki 0+12,0.8177083333333334,0.8235294117647058,0.9059124228395062
30min,tekrar,onceden_egitilmis,katman_3,rastgele,katman 0,0.7326589595375722,0.727540500736377,0.811879782151091
30min,tekrar,onceden_egitilmis,katman_3,rastgele,katman 1,0.7424023154848046,0.7343283582089553,0.8154896540169222
30min,tekrar,onceden_egitilmis,katman_3,rastgele,katman 2,0.7670043415340086,0.7649635036496351,0.8475663902152971
30min,tekrar,onceden_egitilmis,katman_3,rastgele,katman 3,0.7467438494934877,0.7376311844077961,0.8328893356789813
30min,tekrar,onceden_egitilmis,katman_3,rastgele,katman 4,0.7322720694645442,0.739803094233474,0.8258942782943788
30min,tekrar,onceden_egitilmis,katman_4,lopo,bitki 0,0.8993055555555556,0.903010033444816,0.9630594135802468
30min,tekrar,onceden_egitilmis,katman_4,lopo,bitki 1,0.6145833333333334,0.6132404181184669,0.6688850308641976
30min,tekrar,onceden_egitilmis,katman_4,lopo,bitki 2,0.6875,0.7457627118644068,0.8390239197530864
30min,tekrar,onceden_egitilmis,katman_4,lopo,bitki 3,0.8229166666666666,0.8305647840531561,0.9172935956790123
30min,tekrar,onceden_egitilmis,katman_4,lopo,bitki 8,0.7222222222222222,0.6610169491525424,0.8684895833333334
30min,tekrar,onceden_egitilmis,katman_4,lopo,bitki 9,0.59375,0.5617977528089888,0.6616512345679013
30min,tekrar,onceden_egitilmis,katman_4,lopo,bitki 10,0.6388888888888888,0.5806451612903226,0.7179783950617286
30min,tekrar,onceden_egitilmis,katman_4,lopo,bitki 11,0.6388888888888888,0.514018691588785,0.7777295524691359
30min,tekrar,onceden_egitilmis,katman_4,lopo,bitki 12,0.7222222222222222,0.7435897435897436,0.82007137345679
30min,tekrar,onceden_egitilmis,katman_4,lopo,bitki 13,0.5381944444444444,0.5232974910394266,0.5326003086419753
30min,tekrar,onceden_egitilmis,katman_4,lopo,bitki 14,0.7083333333333334,0.7341772151898734,0.7860243055555556
30min,tekrar,onceden_egitilmis,katman_4,lopo,bitki 15,0.7534722222222222,0.7641196013289037,0.8149112654320988
30min,tekrar,onceden_egitilmis,katman_4,yazar,bitki 0+12,0.8177083333333334,0.8270181219110379,0.9096619405864198
30min,tekrar,onceden_egitilmis,katman_4,rastgele,katman 0,0.7369942196531792,0.7323529411764705,0.8203498279260917
30min,tekrar,onceden_egitilmis,katman_4,rastgele,katman 1,0.7380607814761215,0.7365356622998545,0.8184719778838906
30min,tekrar,onceden_egitilmis,katman_4,rastgele,katman 2,0.788712011577424,0.7859237536656891,0.8611543939013153
30min,tekrar,onceden_egitilmis,katman_4,rastgele,katman 3,0.7496382054992764,0.7429420505200595,0.8320683588841418
30min,tekrar,onceden_egitilmis,katman_4,rastgele,katman 4,0.7409551374819102,0.7489481065918654,0.8258272597805143
30min,tekrar,onceden_egitilmis,katman_5,lopo,bitki 0,0.8923611111111112,0.8949152542372881,0.9621431327160493
30min,tekrar,onceden_egitilmis,katman_5,lopo,bitki 1,0.6180555555555556,0.6180555555555556,0.6701388888888888
30min,tekrar,onceden_egitilmis,katman_5,lopo,bitki 2,0.6840277777777778,0.7422096317280453,0.8267746913580247
30min,tekrar,onceden_egitilmis,katman_5,lopo,bitki 3,0.8368055555555556,0.8469055374592834,0.931857638888889
30min,tekrar,onceden_egitilmis,katman_5,lopo,bitki 8,0.7534722222222222,0.6978723404255319,0.8745177469135803
30min,tekrar,onceden_egitilmis,katman_5,lopo,bitki 9,0.6006944444444444,0.5818181818181818,0.6771315586419754
30min,tekrar,onceden_egitilmis,katman_5,lopo,bitki 10,0.6388888888888888,0.5737704918032787,0.7291666666666666
30min,tekrar,onceden_egitilmis,katman_5,lopo,bitki 11,0.6458333333333334,0.5321100917431193,0.7805266203703703
30min,tekrar,onceden_egitilmis,katman_5,lopo,bitki 12,0.7222222222222222,0.7297297297297297,0.8140432098765432
30min,tekrar,onceden_egitilmis,katman_5,lopo,bitki 13,0.5138888888888888,0.4927536231884058,0.533323688271605
30min,tekrar,onceden_egitilmis,katman_5,lopo,bitki 14,0.7465277777777778,0.7667731629392971,0.80883487654321
30min,tekrar,onceden_egitilmis,katman_5,lopo,bitki 15,0.7118055555555556,0.7186440677966102,0.8033854166666666
30min,tekrar,onceden_egitilmis,katman_5,yazar,bitki 0+12,0.8142361111111112,0.8213689482470785,0.9026089891975309
30min,tekrar,onceden_egitilmis,katman_5,rastgele,katman 0,0.7456647398843931,0.7349397590361446,0.821753149119583
30min,tekrar,onceden_egitilmis,katman_5,rastgele,katman 1,0.743849493487699,0.7393225331369662,0.8283990952500628
30min,tekrar,onceden_egitilmis,katman_5,rastgele,katman 2,0.7670043415340086,0.7635829662261381,0.852291195442741
30min,tekrar,onceden_egitilmis,katman_5,rastgele,katman 3,0.7597684515195369,0.7580174927113703,0.8443411242355701
30min,tekrar,onceden_egitilmis,katman_5,rastgele,katman 4,0.7366136034732272,0.7422096317280453,0.816494931724889
30min,tekrar,onceden_egitilmis,katman_6,lopo,bitki 0,0.8958333333333334,0.8986486486486487,0.9614679783950617
30min,tekrar,onceden_egitilmis,katman_6,lopo,bitki 1,0.6006944444444444,0.5993031358885017,0.6431327160493827
30min,tekrar,onceden_egitilmis,katman_6,lopo,bitki 2,0.6597222222222222,0.7277777777777777,0.814573688271605
30min,tekrar,onceden_egitilmis,katman_6,lopo,bitki 3,0.8402777777777778,0.8486842105263158,0.9271797839506173
30min,tekrar,onceden_egitilmis,katman_6,lopo,bitki 8,0.7291666666666666,0.6637931034482759,0.8720582561728395
30min,tekrar,onceden_egitilmis,katman_6,lopo,bitki 9,0.6493055555555556,0.6405693950177936,0.7046199845679013
30min,tekrar,onceden_egitilmis,katman_6,lopo,bitki 10,0.6527777777777778,0.5901639344262295,0.7444540895061729
30min,tekrar,onceden_egitilmis,katman_6,lopo,bitki 11,0.6319444444444444,0.5092592592592593,0.7555459104938272
30min,tekrar,onceden_egitilmis,katman_6,lopo,bitki 12,0.7361111111111112,0.7414965986394558,0.8065200617283951
30min,tekrar,onceden_egitilmis,katman_6,lopo,bitki 13,0.5486111111111112,0.5149253731343284,0.5462962962962963
30min,tekrar,onceden_egitilmis,katman_6,lopo,bitki 14,0.7430555555555556,0.7658227848101266,0.8040605709876544
30min,tekrar,onceden_egitilmis,katman_6,lopo,bitki 15,0.7395833333333334,0.7457627118644068,0.8211805555555556
30min,tekrar,onceden_egitilmis,katman_6,yazar,bitki 0+12,0.8159722222222222,0.8221476510067114,0.9002459490740743
30min,tekrar,onceden_egitilmis,katman_6,rastgele,katman 0,0.7398843930635838,0.7321428571428571,0.8155969126933744
30min,tekrar,onceden_egitilmis,katman_6,rastgele,katman 1,0.7467438494934877,0.7460087082728593,0.827971852224177
30min,tekrar,onceden_egitilmis,katman_6,rastgele,katman 2,0.7655571635311144,0.7645348837209303,0.8499371701432521
30min,tekrar,onceden_egitilmis,katman_6,rastgele,katman 3,0.7496382054992764,0.7496382054992764,0.84505319594538
30min,tekrar,onceden_egitilmis,katman_6,rastgele,katman 4,0.743849493487699,0.7475035663338089,0.8243612297897294
30min,tekrar,onceden_egitilmis,katman_7,lopo,bitki 0,0.90625,0.9059233449477352,0.9637827932098765
30min,tekrar,onceden_egitilmis,katman_7,lopo,bitki 1,0.5659722222222222,0.5614035087719298,0.6139564043209876
30min,tekrar,onceden_egitilmis,katman_7,lopo,bitki 2,0.6597222222222222,0.7277777777777777,0.8220968364197531
30min,tekrar,onceden_egitilmis,katman_7,lopo,bitki 3,0.8298611111111112,0.835016835016835,0.9213927469135802
30min,tekrar,onceden_egitilmis,katman_7,lopo,bitki 8,0.7569444444444444,0.6956521739130435,0.9048996913580247
30min,tekrar,onceden_egitilmis,katman_7,lopo,bitki 9,0.6597222222222222,0.6474820143884892,0.7090567129629629
30min,tekrar,onceden_egitilmis,katman_7,lopo,bitki 10,0.6180555555555556,0.5491803278688525,0.726610725308642
30min,tekrar,onceden_egitilmis,katman_7,lopo,bitki 11,0.6041666666666666,0.4818181818181818,0.7184124228395062
30min,tekrar,onceden_egitilmis,katman_7,lopo,bitki 12,0.7395833333333334,0.740484429065744,0.8204571759259259
30min,tekrar,onceden_egitilmis,katman_7,lopo,bitki 13,0.5069444444444444,0.4621212121212121,0.5051601080246914
30min,tekrar,onceden_egitilmis,katman_7,lopo,bitki 14,0.7152777777777778,0.7515151515151515,0.785204475308642
30min,tekrar,onceden_egitilmis,katman_7,lopo,bitki 15,0.7048611111111112,0.7138047138047138,0.8007330246913581
30min,tekrar,onceden_egitilmis,katman_7,yazar,bitki 0+12,0.8177083333333334,0.8223350253807107,0.9059968171296297
30min,tekrar,onceden_egitilmis,katman_7,rastgele,katman 0,0.7283236994219653,0.7218934911242604,0.8099919810217513
30min,tekrar,onceden_egitilmis,katman_7,rastgele,katman 1,0.7337192474674384,0.7245508982035929,0.8142498115104297
30min,tekrar,onceden_egitilmis,katman_7,rastgele,katman 2,0.7539797395079595,0.75,0.8354025299488985
30min,tekrar,onceden_egitilmis,katman_7,rastgele,katman 3,0.7496382054992764,0.7517934002869441,0.8439390131523833
30min,tekrar,onceden_egitilmis,katman_7,rastgele,katman 4,0.7366136034732272,0.7436619718309859,0.8108318673033426
30min,tekrar,onceden_egitilmis,katman_8,lopo,bitki 0,0.8993055555555556,0.8982456140350877,0.9595871913580247
30min,tekrar,onceden_egitilmis,katman_8,lopo,bitki 1,0.5625,0.55,0.6182484567901234
30min,tekrar,onceden_egitilmis,katman_8,lopo,bitki 2,0.6597222222222222,0.7231638418079096,0.8158757716049383
30min,tekrar,onceden_egitilmis,katman_8,lopo,bitki 3,0.8194444444444444,0.8311688311688312,0.9128568672839505
30min,tekrar,onceden_egitilmis,katman_8,lopo,bitki 8,0.7465277777777778,0.683982683982684,0.8822820216049383
30min,tekrar,onceden_egitilmis,katman_8,lopo,bitki 9,0.6319444444444444,0.6159420289855072,0.7009066358024691
30min,tekrar,onceden_egitilmis,katman_8,lopo,bitki 10,0.6284722222222222,0.563265306122449,0.7118537808641975
30min,tekrar,onceden_egitilmis,katman_8,lopo,bitki 11,0.59375,0.4608294930875576,0.6823398919753086
30min,tekrar,onceden_egitilmis,katman_8,lopo,bitki 12,0.7118055555555556,0.7167235494880546,0.8071952160493827
30min,tekrar,onceden_egitilmis,katman_8,lopo,bitki 13,0.5069444444444444,0.4701492537313433,0.48784722222222227
30min,tekrar,onceden_egitilmis,katman_8,lopo,bitki 14,0.6909722222222222,0.729483282674772,0.7667341820987654
30min,tekrar,onceden_egitilmis,katman_8,lopo,bitki 15,0.7152777777777778,0.7302631578947368,0.8169849537037037
30min,tekrar,onceden_egitilmis,katman_8,yazar,bitki 0+12,0.8246527777777778,0.8273504273504273,0.8989559220679012
30min,tekrar,onceden_egitilmis,katman_8,rastgele,katman 0,0.726878612716763,0.7157894736842105,0.8071018076113469
30min,tekrar,onceden_egitilmis,katman_8,rastgele,katman 1,0.7149059334298119,0.7055306427503737,0.8043478260869565
30min,tekrar,onceden_egitilmis,katman_8,rastgele,katman 2,0.7612156295224313,0.7569955817378498,0.8367680321688867
30min,tekrar,onceden_egitilmis,katman_8,rastgele,katman 3,0.7510853835021708,0.7514450867052023,0.8373125575940352
30min,tekrar,onceden_egitilmis,katman_8,rastgele,katman 4,0.7250361794500724,0.7293447293447294,0.8031247382089303
30min,tekrar,rastgele_baslatilmis,son,lopo,bitki 0,0.8680555555555556,0.8661971830985915,0.9535108024691357
30min,tekrar,rastgele_baslatilmis,son,lopo,bitki 1,0.6736111111111112,0.6618705035971223,0.7185570987654322
30min,tekrar,rastgele_baslatilmis,son,lopo,bitki 2,0.6979166666666666,0.7492795389048992,0.8142843364197532
30min,tekrar,rastgele_baslatilmis,son,lopo,bitki 3,0.8055555555555556,0.7985611510791367,0.8794849537037037
30min,tekrar,rastgele_baslatilmis,son,lopo,bitki 8,0.7326388888888888,0.6723404255319149,0.8370949074074074
30min,tekrar,rastgele_baslatilmis,son,lopo,bitki 9,0.6493055555555556,0.6070038910505836,0.6507040895061729
30min,tekrar,rastgele_baslatilmis,son,lopo,bitki 10,0.5277777777777778,0.41379310344827586,0.5575327932098766
30min,tekrar,rastgele_baslatilmis,son,lopo,bitki 11,0.5590277777777778,0.3553299492385787,0.5899402006172839
30min,tekrar,rastgele_baslatilmis,son,lopo,bitki 12,0.7916666666666666,0.8064516129032258,0.8599054783950617
30min,tekrar,rastgele_baslatilmis,son,lopo,bitki 13,0.5694444444444444,0.5894039735099338,0.6019965277777778
30min,tekrar,rastgele_baslatilmis,son,lopo,bitki 14,0.6701388888888888,0.6984126984126984,0.7418499228395061
30min,tekrar,rastgele_baslatilmis,son,lopo,bitki 15,0.6979166666666666,0.7202572347266881,0.7629726080246912
30min,tekrar,rastgele_baslatilmis,son,yazar,bitki 0+12,0.8159722222222222,0.8215488215488216,0.8931929976851852
30min,tekrar,rastgele_baslatilmis,son,rastgele,katman 0,0.703757225433526,0.6907993966817496,0.7622372949313374
30min,tekrar,rastgele_baslatilmis,son,rastgele,katman 1,0.7091172214182344,0.6995515695067265,0.773628214794337
30min,tekrar,rastgele_baslatilmis,son,rastgele,katman 2,0.7322720694645442,0.7209653092006033,0.7962385859093575
30min,tekrar,rastgele_baslatilmis,son,rastgele,katman 3,0.7149059334298119,0.7037593984962406,0.7827594873083689
30min,tekrar,rastgele_baslatilmis,son,rastgele,katman 4,0.6888567293777135,0.6833578792341679,0.7622601993800788
30min,tekrar,rastgele_baslatilmis,ortalama,lopo,bitki 0,0.8715277777777778,0.8701754385964913,0.9420331790123455
30min,tekrar,rastgele_baslatilmis,ortalama,lopo,bitki 1,0.6840277777777778,0.6617100371747212,0.7133005401234569
30min,tekrar,rastgele_baslatilmis,ortalama,lopo,bitki 2,0.6944444444444444,0.75,0.8182388117283951
30min,tekrar,rastgele_baslatilmis,ortalama,lopo,bitki 3,0.8055555555555556,0.8014184397163121,0.8713348765432097
30min,tekrar,rastgele_baslatilmis,ortalama,lopo,bitki 8,0.7326388888888888,0.6695278969957081,0.8191068672839507
30min,tekrar,rastgele_baslatilmis,ortalama,lopo,bitki 9,0.6180555555555556,0.5769230769230769,0.632908950617284
30min,tekrar,rastgele_baslatilmis,ortalama,lopo,bitki 10,0.5243055555555556,0.4069264069264069,0.5646219135802468
30min,tekrar,rastgele_baslatilmis,ortalama,lopo,bitki 11,0.5763888888888888,0.39603960396039606,0.6013695987654322
30min,tekrar,rastgele_baslatilmis,ortalama,lopo,bitki 12,0.7638888888888888,0.7806451612903226,0.8412905092592592
30min,tekrar,rastgele_baslatilmis,ortalama,lopo,bitki 13,0.5833333333333334,0.6078431372549019,0.6140046296296295
30min,tekrar,rastgele_baslatilmis,ortalama,lopo,bitki 14,0.6493055555555556,0.6813880126182965,0.7264178240740741
30min,tekrar,rastgele_baslatilmis,ortalama,lopo,bitki 15,0.6909722222222222,0.7100977198697068,0.7621045524691358
30min,tekrar,rastgele_baslatilmis,ortalama,yazar,bitki 0+12,0.8003472222222222,0.806070826306914,0.8797260802469135
30min,tekrar,rastgele_baslatilmis,ortalama,rastgele,katman 0,0.6965317919075145,0.6856287425149701,0.7525894617260851
30min,tekrar,rastgele_baslatilmis,ortalama,rastgele,katman 1,0.7062228654124457,0.6974664679582713,0.7636005696573679
30min,tekrar,rastgele_baslatilmis,ortalama,rastgele,katman 2,0.7308248914616498,0.7207207207207207,0.7926949819887743
30min,tekrar,rastgele_baslatilmis,ortalama,rastgele,katman 3,0.7018813314037626,0.6888217522658611,0.780288179609617
30min,tekrar,rastgele_baslatilmis,ortalama,rastgele,katman 4,0.6975397973950795,0.6957787481804949,0.7581385607774147
30min,tekrar,rastgele_baslatilmis,katman_0,lopo,bitki 0,0.8645833333333334,0.8602150537634409,0.9373070987654322
30min,tekrar,rastgele_baslatilmis,katman_0,lopo,bitki 1,0.6701388888888888,0.6494464944649446,0.7281539351851851
30min,tekrar,rastgele_baslatilmis,katman_0,lopo,bitki 2,0.6979166666666666,0.7492795389048992,0.8128375771604938
30min,tekrar,rastgele_baslatilmis,katman_0,lopo,bitki 3,0.7951388888888888,0.7870036101083032,0.8590374228395061
30min,tekrar,rastgele_baslatilmis,katman_0,lopo,bitki 8,0.7395833333333334,0.6724890829694323,0.8399402006172839
30min,tekrar,rastgele_baslatilmis,katman_0,lopo,bitki 9,0.6145833333333334,0.5647058823529412,0.6297743055555556
30min,tekrar,rastgele_baslatilmis,katman_0,lopo,bitki 10,0.5173611111111112,0.4034334763948498,0.5684799382716049
30min,tekrar,rastgele_baslatilmis,katman_0,lopo,bitki 11,0.5625,0.3883495145631068,0.58984375
30min,tekrar,rastgele_baslatilmis,katman_0,lopo,bitki 12,0.7430555555555556,0.7672955974842768,0.8257619598765432
30min,tekrar,rastgele_baslatilmis,katman_0,lopo,bitki 13,0.5729166666666666,0.5993485342019544,0.6228780864197531
30min,tekrar,rastgele_baslatilmis,katman_0,lopo,bitki 14,0.6527777777777778,0.6794871794871795,0.7123360339506173
30min,tekrar,rastgele_baslatilmis,katman_0,lopo,bitki 15,0.6909722222222222,0.7119741100323624,0.7859760802469136
30min,tekrar,rastgele_baslatilmis,katman_0,yazar,bitki 0+12,0.7881944444444444,0.7966666666666666,0.8711540316358024
30min,tekrar,rastgele_baslatilmis,katman_0,rastgele,katman 0,0.7008670520231214,0.6915052160953801,0.7557886999231516
30min,tekrar,rastgele_baslatilmis,katman_0,rastgele,katman 1,0.7076700434153401,0.6966966966966966,0.7765016335762753
30min,tekrar,rastgele_baslatilmis,katman_0,rastgele,katman 2,0.7322720694645442,0.7209653092006033,0.7969255256764682
30min,tekrar,rastgele_baslatilmis,katman_0,rastgele,katman 3,0.7105643994211288,0.7023809523809523,0.7751528859847532
30min,tekrar,rastgele_baslatilmis,katman_0,rastgele,katman 4,0.7047756874095513,0.7034883720930233,0.7555667253078664
30min,tekrar,rastgele_baslatilmis,katman_1,lopo,bitki 0,0.8611111111111112,0.8581560283687943,0.9388503086419753
30min,tekrar,rastgele_baslatilmis,katman_1,lopo,bitki 1,0.6597222222222222,0.6287878787878788,0.7123842592592592
30min,tekrar,rastgele_baslatilmis,katman_1,lopo,bitki 2,0.7013888888888888,0.7528735632183908,0.8107638888888888
30min,tekrar,rastgele_baslatilmis,katman_1,lopo,bitki 3,0.8090277777777778,0.7985347985347986,0.8706114969135802
30min,tekrar,rastgele_baslatilmis,katman_1,lopo,bitki 8,0.7222222222222222,0.6551724137931034,0.8242187500000001
30min,tekrar,rastgele_baslatilmis,katman_1,lopo,bitki 9,0.6145833333333334,0.5612648221343873,0.6272183641975309
30min,tekrar,rastgele_baslatilmis,katman_1,lopo,bitki 10,0.5104166666666666,0.3788546255506608,0.5750868055555556
30min,tekrar,rastgele_baslatilmis,katman_1,lopo,bitki 11,0.5486111111111112,0.38095238095238093,0.5951967592592593
30min,tekrar,rastgele_baslatilmis,katman_1,lopo,bitki 12,0.7569444444444444,0.7727272727272727,0.8369502314814815
30min,tekrar,rastgele_baslatilmis,katman_1,lopo,bitki 13,0.5625,0.5909090909090909,0.6084587191358024
30min,tekrar,rastgele_baslatilmis,katman_1,lopo,bitki 14,0.65625,0.6816720257234726,0.7203414351851851
30min,tekrar,rastgele_baslatilmis,katman_1,lopo,bitki 15,0.6979166666666666,0.7147540983606557,0.7668306327160493
30min,tekrar,rastgele_baslatilmis,katman_1,yazar,bitki 0+12,0.8107638888888888,0.8180300500834724,0.8790750385802468
30min,tekrar,rastgele_baslatilmis,katman_1,rastgele,katman 0,0.7066473988439307,0.6956521739130435,0.755412810317752
30min,tekrar,rastgele_baslatilmis,katman_1,rastgele,katman 1,0.7178002894356006,0.7093889716840537,0.7729412750272262
30min,tekrar,rastgele_baslatilmis,katman_1,rastgele,katman 2,0.7279305354558611,0.7177177177177178,0.7987517801792746
30min,tekrar,rastgele_baslatilmis,katman_1,rastgele,katman 3,0.7076700434153401,0.6994047619047619,0.7713830945798777
30min,tekrar,rastgele_baslatilmis,katman_1,rastgele,katman 4,0.7004341534008683,0.6986899563318777,0.7630979308033845
30min,tekrar,rastgele_baslatilmis,katman_2,lopo,bitki 0,0.875,0.8741258741258742,0.93774112654321
30min,tekrar,rastgele_baslatilmis,katman_2,lopo,bitki 1,0.6527777777777778,0.6240601503759399,0.7149402006172839
30min,tekrar,rastgele_baslatilmis,katman_2,lopo,bitki 2,0.7013888888888888,0.7528735632183908,0.8220003858024691
30min,tekrar,rastgele_baslatilmis,katman_2,lopo,bitki 3,0.8020833333333334,0.7956989247311828,0.8795331790123456
30min,tekrar,rastgele_baslatilmis,katman_2,lopo,bitki 8,0.7395833333333334,0.6835443037974683,0.8220003858024691
30min,tekrar,rastgele_baslatilmis,katman_2,lopo,bitki 9,0.6111111111111112,0.5555555555555556,0.6198881172839505
30min,tekrar,rastgele_baslatilmis,katman_2,lopo,bitki 10,0.5208333333333334,0.41025641025641024,0.5740740740740742
30min,tekrar,rastgele_baslatilmis,katman_2,lopo,bitki 11,0.5520833333333334,0.37073170731707317,0.5974151234567902
30min,tekrar,rastgele_baslatilmis,katman_2,lopo,bitki 12,0.7638888888888888,0.7806451612903226,0.8408564814814814
30min,tekrar,rastgele_baslatilmis,katman_2,lopo,bitki 13,0.5798611111111112,0.6058631921824105,0.607445987654321
30min,tekrar,rastgele_baslatilmis,katman_2,lopo,bitki 14,0.6597222222222222,0.689873417721519,0.7229456018518519
30min,tekrar,rastgele_baslatilmis,katman_2,lopo,bitki 15,0.6979166666666666,0.7128712871287128,0.7654320987654322
30min,tekrar,rastgele_baslatilmis,katman_2,yazar,bitki 0+12,0.8142361111111112,0.8213689482470785,0.8804494598765431
30min,tekrar,rastgele_baslatilmis,katman_2,rastgele,katman 0,0.708092485549133,0.6930091185410334,0.7533245347321995
30min,tekrar,rastgele_baslatilmis,katman_2,rastgele,katman 1,0.7091172214182344,0.6968325791855203,0.7699003099606266
30min,tekrar,rastgele_baslatilmis,katman_2,rastgele,katman 2,0.7221418234442837,0.7151335311572701,0.7967160928206417
30min,tekrar,rastgele_baslatilmis,katman_2,rastgele,katman 3,0.703328509406657,0.6898638426626323,0.7690625785373209
30min,tekrar,rastgele_baslatilmis,katman_2,rastgele,katman 4,0.6960926193921853,0.6929824561403509,0.7636173242858341
30min,tekrar,rastgele_baslatilmis,katman_3,lopo,bitki 0,0.8645833333333334,0.8641114982578397,0.9383198302469136
30min,tekrar,rastgele_baslatilmis,katman_3,lopo,bitki 1,0.6458333333333334,0.6165413533834586,0.7084780092592592
30min,tekrar,rastgele_baslatilmis,katman_3,lopo,bitki 2,0.6875,0.7471910112359551,0.8176118827160493
30min,tekrar,rastgele_baslatilmis,katman_3,lopo,bitki 3,0.8159722222222222,0.8072727272727273,0.8812210648148148
30min,tekrar,rastgele_baslatilmis,katman_3,lopo,bitki 8,0.7465277777777778,0.6919831223628692,0.8231577932098766
30min,tekrar,rastgele_baslatilmis,katman_3,lopo,bitki 9,0.6111111111111112,0.5725190839694656,0.6205632716049383
30min,tekrar,rastgele_baslatilmis,katman_3,lopo,bitki 10,0.5208333333333334,0.4152542372881356,0.5726755401234569
30min,tekrar,rastgele_baslatilmis,katman_3,lopo,bitki 11,0.5520833333333334,0.3582089552238806,0.6088445216049382
30min,tekrar,rastgele_baslatilmis,katman_3,lopo,bitki 12,0.7708333333333334,0.7898089171974523,0.8497781635802469
30min,tekrar,rastgele_baslatilmis,katman_3,lopo,bitki 13,0.5798611111111112,0.6058631921824105,0.6177179783950617
30min,tekrar,rastgele_baslatilmis,katman_3,lopo,bitki 14,0.6527777777777778,0.6835443037974683,0.7210648148148148
30min,tekrar,rastgele_baslatilmis,katman_3,lopo,bitki 15,0.6979166666666666,0.7128712871287128,0.7643711419753086
30min,tekrar,rastgele_baslatilmis,katman_3,yazar,bitki 0+12,0.8107638888888888,0.8198347107438017,0.8833670910493827
30min,tekrar,rastgele_baslatilmis,katman_3,rastgele,katman 0,0.6979768786127167,0.6857142857142857,0.7480954926659761
30min,tekrar,rastgele_baslatilmis,katman_3,rastgele,katman 1,0.7076700434153401,0.6976047904191617,0.7661807824411494
30min,tekrar,rastgele_baslatilmis,katman_3,rastgele,katman 2,0.7322720694645442,0.7242921013412816,0.7908100862863365
30min,tekrar,rastgele_baslatilmis,katman_3,rastgele,katman 3,0.7221418234442837,0.7117117117117117,0.7783781519644802
30min,tekrar,rastgele_baslatilmis,katman_3,rastgele,katman 4,0.6946454413892909,0.6937590711175616,0.7584233894613387
30min,tekrar,rastgele_baslatilmis,katman_4,lopo,bitki 0,0.8715277777777778,0.8683274021352313,0.9393325617283951
30min,tekrar,rastgele_baslatilmis,katman_4,lopo,bitki 1,0.6458333333333334,0.6194029850746269,0.7241994598765432
30min,tekrar,rastgele_baslatilmis,katman_4,lopo,bitki 2,0.6909722222222222,0.7478753541076487,0.8188175154320988
30min,tekrar,rastgele_baslatilmis,katman_4,lopo,bitki 3,0.8055555555555556,0.7985611510791367,0.8762538580246914
30min,tekrar,rastgele_baslatilmis,katman_4,lopo,bitki 8,0.75,0.6949152542372882,0.8188657407407407
30min,tekrar,rastgele_baslatilmis,katman_4,lopo,bitki 9,0.6319444444444444,0.5923076923076923,0.6357542438271606
30min,tekrar,rastgele_baslatilmis,katman_4,lopo,bitki 10,0.5138888888888888,0.4067796610169492,0.5759066358024691
30min,tekrar,rastgele_baslatilmis,katman_4,lopo,bitki 11,0.5590277777777778,0.37438423645320196,0.6027681327160495
30min,tekrar,rastgele_baslatilmis,katman_4,lopo,bitki 12,0.7604166666666666,0.7766990291262136,0.8411458333333334
30min,tekrar,rastgele_baslatilmis,katman_4,lopo,bitki 13,0.5902777777777778,0.6118421052631579,0.6278935185185186
30min,tekrar,rastgele_baslatilmis,katman_4,lopo,bitki 14,0.65625,0.6896551724137931,0.7354841820987654
30min,tekrar,rastgele_baslatilmis,katman_4,lopo,bitki 15,0.6701388888888888,0.6925566343042071,0.7619116512345678
30min,tekrar,rastgele_baslatilmis,katman_4,yazar,bitki 0+12,0.7951388888888888,0.8006756756756757,0.874240451388889
30min,tekrar,rastgele_baslatilmis,katman_4,rastgele,katman 0,0.6979768786127167,0.6857142857142857,0.7541013732500251
30min,tekrar,rastgele_baslatilmis,katman_4,rastgele,katman 1,0.6903039073806078,0.6843657817109144,0.766113763927285
30min,tekrar,rastgele_baslatilmis,katman_4,rastgele,katman 2,0.7322720694645442,0.7234678624813154,0.7912289519979894
30min,tekrar,rastgele_baslatilmis,katman_4,rastgele,katman 3,0.7134587554269175,0.7044776119402985,0.7831532210773224
30min,tekrar,rastgele_baslatilmis,katman_4,rastgele,katman 4,0.6931982633863966,0.6900584795321637,0.7584485214040378
30min,tekrar,rastgele_baslatilmis,katman_5,lopo,bitki 0,0.8784722222222222,0.8754448398576512,0.9446855709876542
30min,tekrar,rastgele_baslatilmis,katman_5,lopo,bitki 1,0.6701388888888888,0.6494464944649446,0.728298611111111
30min,tekrar,rastgele_baslatilmis,katman_5,lopo,bitki 2,0.6909722222222222,0.7449856733524355,0.8121141975308642
30min,tekrar,rastgele_baslatilmis,katman_5,lopo,bitki 3,0.8020833333333334,0.7927272727272727,0.8738908179012346
30min,tekrar,rastgele_baslatilmis,katman_5,lopo,bitki 8,0.7430555555555556,0.6864406779661016,0.8256655092592593
30min,tekrar,rastgele_baslatilmis,katman_5,lopo,bitki 9,0.625,0.578125,0.6256269290123456
30min,tekrar,rastgele_baslatilmis,katman_5,lopo,bitki 10,0.5208333333333334,0.39473684210526316,0.5775945216049383
30min,tekrar,rastgele_baslatilmis,katman_5,lopo,bitki 11,0.5590277777777778,0.3681592039800995,0.6078317901234569
30min,tekrar,rastgele_baslatilmis,katman_5,lopo,bitki 12,0.7638888888888888,0.7792207792207793,0.8471739969135802
30min,tekrar,rastgele_baslatilmis,katman_5,lopo,bitki 13,0.5972222222222222,0.610738255033557,0.6110628858024691
30min,tekrar,rastgele_baslatilmis,katman_5,lopo,bitki 14,0.65625,0.6876971608832808,0.7397280092592592
30min,tekrar,rastgele_baslatilmis,katman_5,lopo,bitki 15,0.6805555555555556,0.7032258064516129,0.7556905864197531
30min,tekrar,rastgele_baslatilmis,katman_5,yazar,bitki 0+12,0.796875,0.8006814310051107,0.8811125578703702
30min,tekrar,rastgele_baslatilmis,katman_5,rastgele,katman 0,0.7167630057803468,0.7021276595744681,0.7619115239399913
30min,tekrar,rastgele_baslatilmis,katman_5,rastgele,katman 1,0.6989869753979739,0.6923076923076923,0.7640948311971182
30min,tekrar,rastgele_baslatilmis,katman_5,rastgele,katman 2,0.7322720694645442,0.725111441307578,0.7928541509592024
30min,tekrar,rastgele_baslatilmis,katman_5,rastgele,katman 3,0.7163531114327062,0.7039274924471299,0.781142665661389
30min,tekrar,rastgele_baslatilmis,katman_5,rastgele,katman 4,0.6960926193921853,0.6956521739130435,0.7582055792912792
30min,tekrar,rastgele_baslatilmis,katman_6,lopo,bitki 0,0.8958333333333334,0.8936170212765957,0.9496527777777777
30min,tekrar,rastgele_baslatilmis,katman_6,lopo,bitki 1,0.6631944444444444,0.6420664206642066,0.7158082561728395
30min,tekrar,rastgele_baslatilmis,katman_6,lopo,bitki 2,0.6909722222222222,0.7420289855072464,0.8114872685185185
30min,tekrar,rastgele_baslatilmis,katman_6,lopo,bitki 3,0.7986111111111112,0.7913669064748201,0.8715760030864198
30min,tekrar,rastgele_baslatilmis,katman_6,lopo,bitki 8,0.7291666666666666,0.6694915254237288,0.8279320987654321
30min,tekrar,rastgele_baslatilmis,katman_6,lopo,bitki 9,0.6597222222222222,0.6048387096774194,0.6498842592592593
30min,tekrar,rastgele_baslatilmis,katman_6,lopo,bitki 10,0.53125,0.425531914893617,0.5634645061728395
30min,tekrar,rastgele_baslatilmis,katman_6,lopo,bitki 11,0.5694444444444444,0.39215686274509803,0.6093267746913581
30min,tekrar,rastgele_baslatilmis,katman_6,lopo,bitki 12,0.7673611111111112,0.780327868852459,0.8423996913580246
30min,tekrar,rastgele_baslatilmis,katman_6,lopo,bitki 13,0.59375,0.6086956521739131,0.6101466049382716
30min,tekrar,rastgele_baslatilmis,katman_6,lopo,bitki 14,0.6666666666666666,0.6962025316455697,0.7415605709876543
30min,tekrar,rastgele_baslatilmis,katman_6,lopo,bitki 15,0.6840277777777778,0.7016393442622951,0.7555459104938272
30min,tekrar,rastgele_baslatilmis,katman_6,yazar,bitki 0+12,0.8125,0.8169491525423729,0.8838734567901235
30min,tekrar,rastgele_baslatilmis,katman_6,rastgele,katman 0,0.703757225433526,0.6907993966817496,0.7580022720438371
30min,tekrar,rastgele_baslatilmis,katman_6,rastgele,katman 1,0.7004341534008683,0.6924219910846954,0.7662645555834798
30min,tekrar,rastgele_baslatilmis,katman_6,rastgele,katman 2,0.7293777134587555,0.719640179910045,0.7974532964731507
30min,tekrar,rastgele_baslatilmis,katman_6,rastgele,katman 3,0.7105643994211288,0.696969696969697,0.7827008461087375
30min,tekrar,rastgele_baslatilmis,katman_6,rastgele,katman 4,0.6960926193921853,0.6947674418604651,0.7582055792912792
30min,tekrar,rastgele_baslatilmis,katman_7,lopo,bitki 0,0.8854166666666666,0.8825622775800712,0.9479166666666666
30min,tekrar,rastgele_baslatilmis,katman_7,lopo,bitki 1,0.6597222222222222,0.644927536231884,0.7052951388888888
30min,tekrar,rastgele_baslatilmis,katman_7,lopo,bitki 2,0.6979166666666666,0.7492795389048992,0.8111014660493827
30min,tekrar,rastgele_baslatilmis,katman_7,lopo,bitki 3,0.7847222222222222,0.7753623188405797,0.8769772376543209
30min,tekrar,rastgele_baslatilmis,katman_7,lopo,bitki 8,0.7395833333333334,0.6835443037974683,0.8275462962962963
30min,tekrar,rastgele_baslatilmis,katman_7,lopo,bitki 9,0.6423611111111112,0.5928853754940712,0.6591917438271605
30min,tekrar,rastgele_baslatilmis,katman_7,lopo,bitki 10,0.53125,0.4052863436123348,0.5678530092592592
30min,tekrar,rastgele_baslatilmis,katman_7,lopo,bitki 11,0.5798611111111112,0.4039408866995074,0.6107735339506173
30min,tekrar,rastgele_baslatilmis,katman_7,lopo,bitki 12,0.7743055555555556,0.7882736156351792,0.8432195216049383
30min,tekrar,rastgele_baslatilmis,katman_7,lopo,bitki 13,0.5868055555555556,0.6046511627906976,0.6014178240740741
30min,tekrar,rastgele_baslatilmis,katman_7,lopo,bitki 14,0.6736111111111112,0.7025316455696202,0.7377507716049383
30min,tekrar,rastgele_baslatilmis,katman_7,lopo,bitki 15,0.6909722222222222,0.7119741100323624,0.7599344135802469
30min,tekrar,rastgele_baslatilmis,katman_7,yazar,bitki 0+12,0.8142361111111112,0.8195615514333895,0.8864173418209876
30min,tekrar,rastgele_baslatilmis,katman_7,rastgele,katman 0,0.6950867052023122,0.680786686838124,0.7603578469043404
30min,tekrar,rastgele_baslatilmis,katman_7,rastgele,katman 1,0.7004341534008683,0.6924219910846954,0.7675881712323029
30min,tekrar,rastgele_baslatilmis,katman_7,rastgele,katman 2,0.7206946454413893,0.708018154311649,0.7932646393566223
30min,tekrar,rastgele_baslatilmis,katman_7,rastgele,katman 3,0.7105643994211288,0.6987951807228916,0.7828935243360977
30min,tekrar,rastgele_baslatilmis,katman_7,rastgele,katman 4,0.6874095513748191,0.685131195335277,0.754921672111921
30min,tekrar,rastgele_baslatilmis,katman_8,lopo,bitki 0,0.8680555555555556,0.8661971830985915,0.9535108024691357
30min,tekrar,rastgele_baslatilmis,katman_8,lopo,bitki 1,0.6736111111111112,0.6618705035971223,0.7185570987654322
30min,tekrar,rastgele_baslatilmis,katman_8,lopo,bitki 2,0.6979166666666666,0.7492795389048992,0.8142843364197532
30min,tekrar,rastgele_baslatilmis,katman_8,lopo,bitki 3,0.8055555555555556,0.7985611510791367,0.8794849537037037
30min,tekrar,rastgele_baslatilmis,katman_8,lopo,bitki 8,0.7326388888888888,0.6723404255319149,0.8370949074074074
30min,tekrar,rastgele_baslatilmis,katman_8,lopo,bitki 9,0.6493055555555556,0.6070038910505836,0.6507040895061729
30min,tekrar,rastgele_baslatilmis,katman_8,lopo,bitki 10,0.5277777777777778,0.41379310344827586,0.5575327932098766
30min,tekrar,rastgele_baslatilmis,katman_8,lopo,bitki 11,0.5590277777777778,0.3553299492385787,0.5899402006172839
30min,tekrar,rastgele_baslatilmis,katman_8,lopo,bitki 12,0.7916666666666666,0.8064516129032258,0.8599054783950617
30min,tekrar,rastgele_baslatilmis,katman_8,lopo,bitki 13,0.5694444444444444,0.5894039735099338,0.6019965277777778
30min,tekrar,rastgele_baslatilmis,katman_8,lopo,bitki 14,0.6701388888888888,0.6984126984126984,0.7418499228395061
30min,tekrar,rastgele_baslatilmis,katman_8,lopo,bitki 15,0.6979166666666666,0.7202572347266881,0.7629726080246912
30min,tekrar,rastgele_baslatilmis,katman_8,yazar,bitki 0+12,0.8159722222222222,0.8215488215488216,0.8931929976851852
30min,tekrar,rastgele_baslatilmis,katman_8,rastgele,katman 0,0.703757225433526,0.6907993966817496,0.7622372949313374
30min,tekrar,rastgele_baslatilmis,katman_8,rastgele,katman 1,0.7091172214182344,0.6995515695067265,0.773628214794337
30min,tekrar,rastgele_baslatilmis,katman_8,rastgele,katman 2,0.7322720694645442,0.7209653092006033,0.7962385859093575
30min,tekrar,rastgele_baslatilmis,katman_8,rastgele,katman 3,0.7149059334298119,0.7037593984962406,0.7827594873083689
30min,tekrar,rastgele_baslatilmis,katman_8,rastgele,katman 4,0.6888567293777135,0.6833578792341679,0.7622601993800788
