gun,kablo,saglik,su,ort,std,egim,deney
0,1,1,1,27.393937151832453,27.711051889063988,-0.04706502288666693,A
0,2,1,1,-4.169705121727748,19.44133060781037,-0.030314980575551424,A
0,3,1,1,-10.378244133507854,19.002581981491637,-0.0012643937713976705,A
0,4,0,1,4.2013065772251315,14.588880205134512,-0.006727743088399216,A
0,6,0,1,66.70656993324607,44.221609447246166,-0.07336736668422592,A
0,7,0,1,-48.98893302486911,38.455919821884095,0.1252965907317433,A
0,8,0,0,-114.58973543848167,54.18073050363273,0.2188133627715983,A
0,11,0,0,-17.42120321858639,68.6475522690101,0.2558588477373657,A
0,12,0,0,-275.4789536649215,24.543314307191665,0.0291351000034341,A
0,13,1,0,-268.1760167670157,54.03477909967566,-0.40438977866204506,A
0,14,1,0,-299.7423040314136,27.698322720819164,-0.04074622501367264,A
1,1,1,1,15.393239235602094,5.147835705110298,0.003726995602356868,A
1,2,1,1,10.502175121727747,7.8275827046193065,0.054744821156682645,A
1,3,1,1,-2.7438813442408376,10.728532067811548,0.057925435223887926,A
1,4,0,1,-6.272845797120419,3.103770195692637,0.02319132430341499,A
1,6,0,1,16.256873891361256,4.404320781851187,0.01907226704902064,A
1,7,0,1,-29.97777720811518,14.081373486991122,0.10424992477469566,A
1,8,0,0,-55.784813514397904,18.804752828699463,0.11571033977880045,A
1,11,0,0,-0.7425816963350785,7.100389386264869,-0.010044550962705609,A
1,12,0,0,-223.9401142539267,26.541123122203153,0.18678999409338515,A
1,13,1,0,-315.1359687827225,33.0320563930678,-0.17250444394075976,A
1,14,1,0,-339.2225407460733,14.127364472639968,-0.08448748595463418,A
2,1,1,1,12.86018907984293,8.048396007308668,-0.011808827124328259,A
2,2,1,1,11.942063824607331,13.137559583589306,-0.04598185202128943,A
2,3,1,1,-13.180603810209423,16.117971215385705,0.051044108883269275,A
2,4,0,1,0.7908950183246073,20.283514016259083,0.08232628516287353,A
2,6,0,1,12.895816815445027,25.609704188976398,-0.0895212207954077,A
2,7,0,1,-48.54659083507853,30.32899871295995,-0.14859709645666602,A
2,8,0,0,-34.15229269240838,35.18213724559523,0.015659990881208993,A
2,11,0,0,-117.79558134947645,61.58055814531889,-0.4530488072642165,A
2,12,0,0,-218.25484981675396,22.276471824398822,0.14488908086718516,A
2,13,1,0,-366.97638073298424,21.385058122348596,-0.023368866038615335,A
2,14,1,0,-381.69051229057595,20.858874511578563,0.01575197291977133,A
3,1,1,1,8.981348693717278,8.12853515896236,-0.002167193196311343,A
3,2,1,1,-2.1113883560209423,13.81280583980149,-0.007992778062395595,A
3,3,1,1,-18.307057115183248,10.083569393477731,-0.0062576921845714055,A
3,4,0,1,30.23779416361257,17.167495337056977,-0.11063215378893625,A
3,6,0,1,4.332954777486912,8.542167284655234,0.00693517386394666,A
3,7,0,1,-87.90137834424083,16.82483589636384,-0.031135152415910597,A
3,8,0,0,-37.18755432591624,27.07296503476511,0.0464713376302455,A
3,11,0,0,-127.92781485209426,27.63110606938921,0.006877707719642004,A
3,12,0,0,-211.5579919502618,27.600310926462562,-0.1908625589991465,A
3,13,1,0,-389.0631144764397,28.198748219223088,-0.17484413761320652,A
3,14,1,0,-382.72896886125653,26.328616397989997,-0.19373947866627522,A
4,1,1,1,8.587627594488188,5.682534227378763,0.017551872749699986,A
4,2,1,1,-13.696705354330708,5.049799637117239,0.016236524964144926,A
4,3,1,1,-26.590708520997378,3.9425528868873796,0.012012771299006419,A
4,4,0,1,-2.5747950446194228,1.5033957150104655,-0.0019612587974605273,A
4,6,0,1,2.2501340367454064,5.714941991883995,-0.00034579383965128996,A
4,7,0,1,-84.25101480052494,9.875822635236696,-0.025276275938361643,A
4,8,0,0,-25.491698772965876,53.13472399070051,-0.061622016193155243,A
4,11,0,0,-191.11012392388452,15.865082451129267,0.00959419253584999,A
4,12,0,0,-314.8581106036745,17.39089233739954,-0.0904372831466987,A
4,13,1,0,-389.0842408005249,13.578887640661872,-0.006663646433042656,A
4,14,1,0,-440.44223977690285,18.34427010611304,-0.13462567854097382,A
5,1,1,1,9.597986621727749,3.8600017049973703,0.008910429487447894,A
5,2,1,1,-10.852288562827225,2.7356972159660335,0.007318719975208904,A
5,3,1,1,-17.264709547120418,6.2449364339433355,0.02919305404539362,A
5,4,0,1,-2.049673208115183,0.8479455190162342,-0.0012863791410215515,A
5,6,0,1,55.840477861256545,34.44247397528988,0.16330703109231431,A
5,7,0,1,-72.36771195287957,17.979507391434566,0.028837847623753934,A
5,8,0,0,-22.80807262434555,55.77805414122999,0.19207153528243215,A
5,11,0,0,-166.64479974607332,26.84589241961657,0.13076769620376058,A
5,12,0,0,-307.02652227748695,11.280482548796225,0.02917806174654335,A
5,13,1,0,-355.9034467931937,15.438761504240126,-0.025836819314948987,A
5,14,1,0,-448.56989578534035,9.456084735706959,-0.004336623190032744,A
6,1,1,1,11.26661304842932,4.437368547762361,0.0034449320556279722,A
6,2,1,1,-7.169141212041884,4.810814522023372,0.013566628471488578,A
6,3,1,1,-18.077614138743456,6.265005345593673,-0.023494210488727626,A
6,4,0,1,-2.925906909685864,1.118448401242791,-0.007384556932019627,A
6,6,0,1,27.62772297774869,18.07615693067972,-0.14963077381108586,A
6,7,0,1,-87.00876324476441,17.81897119192885,-0.1009382359195714,A
6,8,0,0,-53.53196817539266,43.88204499533348,-0.2017747978380121,A
6,11,0,0,-168.89878359031414,30.292865783693777,-0.15865271663483632,A
6,12,0,0,-323.54802739528793,19.3231990284173,-0.0919479813449988,A
6,13,1,0,-371.5266692015707,14.421173624334608,0.0052247531470817725,A
6,14,1,0,-440.0570536125655,24.84013584642085,-0.10606905463158825,A
7,1,1,1,11.241133633507854,3.254146614813452,0.003338034478594154,A
7,2,1,1,-4.5992722486911,2.6485049889912964,0.010861998358741368,A
7,3,1,1,-19.205711065445026,5.973658042879462,-0.007196382146640985,A
7,4,0,1,-6.403686660994764,1.1226152070569309,-0.005238137469133564,A
7,6,0,1,14.925178298429318,8.0593301820174,-0.031284925924534635,A
7,7,0,1,-91.78033567670157,9.965413220034124,-0.016834132282506548,A
7,8,0,0,-57.862910014397904,45.921196161344696,-0.18778001295994776,A
7,11,0,0,-233.5625845157068,31.46890902028083,-0.05724912066523058,A
7,12,0,0,-374.6631231282723,19.860777627244506,-0.11213186841869882,A
7,13,1,0,-376.3089916884816,27.5929242709105,-0.023554116889194506,A
7,14,1,0,-478.33805839005237,58.79712769380467,0.35934468997563196,A
8,1,1,1,11.118631708115185,3.2191814261588423,0.005680207882766684,A
8,2,1,1,-1.4505653992146597,0.7628782748784337,-0.0010793683373247131,A
8,3,1,1,-22.853225676701573,2.0168540135534916,-0.007747562155458654,A
8,4,0,1,-5.94165464921466,0.483652889764517,0.001591569718778395,A
8,6,0,1,11.149223145287957,5.033357843754764,-0.023166489223320236,A
8,7,0,1,-88.27240116884816,10.14349213223783,-0.04818249134561147,A
8,8,0,0,-51.01588845287958,38.629986057069914,0.1827463260113553,A
8,11,0,0,-194.67212474476443,19.068761047789877,-0.001989831376876139,A
8,12,0,0,-369.2648328141361,17.12093484187283,-0.11265544271143035,A
8,13,1,0,-366.3576982722513,35.76233029691098,-0.06894622091267885,A
8,14,1,0,-413.1542836780105,22.376777199265362,-0.0551245142475094,A
9,1,1,1,10.002605632545933,2.2842809972404714,0.002197186233599418,A
9,2,1,1,-1.4541853976377954,0.7103979496809429,-0.0023181358184181174,A
9,3,1,1,-20.66389527952756,1.3960481940460363,0.008091091003573664,A
9,4,0,1,-5.438739901574803,0.6144568501391054,-0.001270097653200479,A
9,6,0,1,18.408193686351705,3.4101045631124394,0.02273359006396415,A
9,7,0,1,-80.43014123228348,7.221679609788722,0.04880492908558171,A
9,8,0,0,-21.34895387664042,25.71734611011496,-0.11174877316206044,A
9,11,0,0,-185.6263272703412,16.148131810132554,-0.10718392568612835,A
9,12,0,0,-375.43888702099736,6.601470501911642,0.00908020225415208,A
9,13,1,0,-356.40081414698165,19.92009917471788,0.14545467339216217,A
9,14,1,0,-368.0025012598425,9.538741169319474,0.042422082120625704,A
10,1,1,1,9.482228663101605,2.4147403905121356,-0.005466623508855513,A
10,2,1,1,-1.23850367513369,1.0384867902979789,-0.0055526247328568585,A
10,3,1,1,-19.07984986764706,0.9157579784664005,0.00900617905407188,A
10,4,0,1,-5.639702044117646,0.522658860154481,0.0014324286112775697,A
10,6,0,1,17.919421419786097,3.5269374812800125,-0.0005157146176533785,A
10,7,0,1,-71.61091781283423,5.9618823135782755,0.045630449808410425,A
10,8,0,0,-4.479496967914438,19.048555752097403,0.06345139168538036,A
10,11,0,0,-204.81162795454546,17.126570983032508,0.0442005987757726,A
10,12,0,0,-376.5618942647059,9.390142539520689,0.124352440809797,A
10,13,1,0,-301.1652336631016,13.585493056534174,0.14978770285791898,A
10,14,1,0,-351.10304913101606,5.714520212905285,0.11905116238471622,A
11,1,1,1,,,0.0,A
11,2,1,1,,,0.0,A
11,3,1,1,,,0.0,A
11,4,0,1,,,0.0,A
11,6,0,1,,,0.0,A
11,7,0,1,,,0.0,A
11,8,0,0,,,0.0,A
11,11,0,0,,,0.0,A
11,12,0,0,,,0.0,A
11,13,1,0,,,0.0,A
11,14,1,0,,,0.0,A
0,1,1,1,9.179271963350786,11.128790950186415,0.016048667738558092,B
0,2,1,1,-3.7948714777486914,3.102260939946652,0.0011707783920358384,B
0,3,1,1,-19.626293600785342,2.1662874226305515,-0.006076280251745038,B
0,4,0,1,-7.25144637696335,0.9999809905189417,-0.004329046519800849,B
0,6,0,1,17.164460527486913,1.998692343408163,-0.0001733892150428772,B
0,7,0,1,-77.41997722251308,6.917149818447208,-0.010077032543915222,B
0,8,0,0,-13.758745539267016,19.354527221707368,-0.0860120475114664,B
0,11,0,0,-315.2069471465969,20.500822306987367,-0.08565413514722825,B
0,12,0,0,-384.34292484293195,14.529579622849575,0.011185074878657664,B
0,13,1,0,-242.2888190706806,29.696051917000585,-0.21753724573757655,B
0,14,1,0,-350.50849624345545,8.629398690432813,-0.05596816238180964,B
1,1,1,1,10.007888990837698,1.9225351951105583,-0.0005043466038873777,B
1,2,1,1,-3.191930395287958,1.6224442934695815,-0.00739742590327618,B
1,3,1,1,-21.136344087696337,1.282332860265872,0.0007461829869357091,B
1,4,0,1,-6.825939684554974,0.8720470049296551,0.0055787223706305865,B
1,6,0,1,16.124930832460734,2.109536440786079,0.010290547073650284,B
1,7,0,1,-93.96163745287957,7.726778433908734,-0.02169185796364018,B
1,8,0,0,-29.650435984293193,26.865010197471697,0.059962030815793176,B
1,11,0,0,-329.7217543848168,18.52362366587237,-0.05191297995808784,B
1,12,0,0,-398.8978094371727,13.391824805440834,0.0015276903175971551,B
1,13,1,0,-302.06815421465967,13.726680450027196,-0.06879105854830642,B
1,14,1,0,-327.4071503272251,15.75203226935415,0.026702649895898038,B
2,1,1,1,9.365692476439792,4.978125305805731,0.004665897167849379,B
2,2,1,1,-2.734544497382199,1.5217529660518743,0.0021363574388529494,B
2,3,1,1,-22.984988967277488,3.7446530125586843,-0.020666760479196248,B
2,4,0,1,-5.576516085078534,1.725192891946027,0.00864880785643852,B
2,6,0,1,10.99657727356021,4.210653437201753,-0.023249439568896236,B
2,7,0,1,-90.74470653795812,18.767417955305003,-0.11657114694038434,B
2,8,0,0,-19.08776770287958,20.101185186055652,-0.08383501740968755,B
2,11,0,0,-320.275879934555,30.29977659795963,-0.19310132594763346,B
2,12,0,0,-376.96021133507855,20.040787145465835,-0.08410151205040985,B
2,13,1,0,-310.9530290052356,14.939195953932849,-0.054591329030913564,B
2,14,1,0,-340.8057384685864,27.142064041083863,-0.13058200906125883,B
3,1,1,1,8.023116638743454,1.5814057679379583,-0.002115275262256402,B
3,2,1,1,-2.432441609947644,0.8725022383966943,-0.0011900864386162465,B
3,3,1,1,-22.029183319371725,1.3280273079023348,-0.007947012426334166,B
3,4,0,1,-3.5675195013089005,0.47334334241175,0.001981474860477407,B
3,6,0,1,8.963876570680627,3.1006849996921746,-0.02066775885661282,B
3,7,0,1,-100.81269615706807,8.758184858183801,0.06002958339284783,B
3,8,0,0,-7.685167982984292,27.732247592180137,0.004739652835643451,B
3,11,0,0,-341.9593186125654,13.104822096812391,0.05621814487078181,B
3,12,0,0,-375.35380091623034,18.611268852160492,0.012530790516607722,B
3,13,1,0,-306.7867827094241,14.649732901601748,-0.0222361848416934,B
3,14,1,0,-367.811967513089,34.2013032026172,0.2786731920316723,B
4,1,1,1,7.435107859580053,1.5172776847589344,-0.0010198975311521696,B
4,2,1,1,-1.9013425091863516,0.7776480739464818,-0.00035495165345651833,B
4,3,1,1,-21.90716682808399,1.441577496356818,-0.01029616583861845,B
4,4,0,1,-3.2555409580052492,0.46245494198793446,0.000990216781699489,B
4,6,0,1,6.004947825459317,3.104848077672966,-0.02401212181464712,B
4,7,0,1,-92.8053061574803,18.86509604417462,-0.1444078967523211,B
4,8,0,0,-21.665664255905515,21.636229101748615,-0.08004763596183845,B
4,11,0,0,-282.17192799212603,13.652617687333436,0.021527306909779803,B
4,12,0,0,-358.7951592125984,14.494583736170009,-0.06119238780232614,B
4,13,1,0,-329.69429345144357,17.658414123971,-0.12402189091266096,B
4,14,1,0,-296.35148593175853,15.773080141376491,-0.06618642648459559,B
5,1,1,1,7.006645014397907,2.2747670256097825,-0.00013272464738181122,B
5,2,1,1,-1.483898120418848,0.6013601008702245,-0.00036060530324158316,B
5,3,1,1,-23.068846579842937,2.937809149362855,-0.016677510484443603,B
5,4,0,1,-2.692686428010471,0.4639985681928177,0.002192542287812057,B
5,6,0,1,4.364390359947644,2.285427680751845,-0.015959929083968236,B
5,7,0,1,-108.73928391753927,8.4476302558421,-0.012032116866859998,B
5,8,0,0,-30.231622136125658,26.028816476909654,0.006217332314614847,B
5,11,0,0,-279.4091172382199,15.882385491760672,-0.0863343617099141,B
5,12,0,0,-333.47935964659683,15.086932196171418,-0.006339681557831184,B
5,13,1,0,-338.16201660994767,20.362233254848903,-0.087447587842265,B
5,14,1,0,-315.94500290575917,16.77068264427998,-0.10028051544325549,B
6,1,1,1,6.573691248691099,1.4390844417353184,0.0005301783593247705,B
6,2,1,1,-1.0909855,0.6811412611907894,-0.0016162687980783674,B
6,3,1,1,-23.11099277356021,1.3861523954524166,-0.007476448870940435,B
6,4,0,1,-3.4435392081151828,0.5007398619388262,-0.0016337921101292265,B
6,6,0,1,-1.5094255837696335,3.1352482870230753,-0.016918468724217435,B
6,7,0,1,-104.11295703795813,10.588548941532258,0.016982978981653338,B
6,8,0,0,-34.84355915052356,34.33119884394776,0.12393422927391648,B
6,11,0,0,-336.4340155366492,43.6371331374372,-0.36002180353150476,B
6,12,0,0,-364.2935023036649,43.93474542772957,-0.3312568290814494,B
6,13,1,0,-318.26068032722515,23.631120760462842,-0.1310516660911641,B
6,14,1,0,-330.29672965968587,30.398699073502492,-0.22135454598177373,B
7,1,1,1,7.00929860078534,4.465060894027917,0.007200076927701211,B
7,2,1,1,-0.9271026924083768,0.8838681423895726,-0.003231525059655473,B
7,3,1,1,-22.74996632722513,3.3167559534809934,-0.011374817738810985,B
7,4,0,1,-2.832741130890052,0.7881952713753861,0.0045179870388144605,B
7,6,0,1,-0.8919207238219893,2.2102648242543386,-0.010187163356414793,B
7,7,0,1,-110.97214566230367,8.993458474525273,-0.009523419708838233,B
7,8,0,0,-61.510830565445026,26.75457669225345,-0.126710736580036,B
7,11,0,0,-347.4156972513089,25.551232392123374,0.13758191880764253,B
7,12,0,0,-410.8237807984293,24.98014191180484,-0.06901183385302531,B
7,13,1,0,-333.7996813089005,25.056783100477052,-0.1488891900774033,B
7,14,1,0,-348.9847754973822,22.91616537873331,-0.08058398294438661,B
8,1,1,1,6.298386315445027,3.6725377881422094,0.0009171865289672766,B
8,2,1,1,-0.9999732984293194,0.9419950961258116,-0.0014896808989808938,B
8,3,1,1,-22.722199611256546,2.8013767647900476,-0.010747816694349278,B
8,4,0,1,-2.341657880890052,0.7369304210579262,0.004204613579122438,B
8,6,0,1,0.26423953272251294,2.0261771716060917,-0.009041483040722225,B
8,7,0,1,-96.28090597513089,5.434933579383649,-0.005403347238734245,B
8,8,0,0,-44.50965403010472,21.706107995103352,0.07549812595147634,B
8,11,0,0,-298.74112036649217,10.866397141639084,0.033395553345157286,B
8,12,0,0,-402.4438378664922,20.888649746486784,-0.11292247420114294,B
8,13,1,0,-365.3481029712042,17.040061369962725,-0.10381567705362643,B
8,14,1,0,-317.46653667539266,23.978297174039056,0.06627104368354934,B
9,1,1,1,-5.196988910761153,38.304055401011155,-0.14772878101871847,B
9,2,1,1,-1.9261798530183731,6.033937248065963,-0.019185404529783068,B
9,3,1,1,-24.84482295800525,17.773032872434104,-0.03861990065168382,B
9,4,0,1,10.089881078740156,35.85949446576766,0.17461272608601322,B
9,6,0,1,1.4464501706036748,16.62314330976595,-0.005388850328716832,B
9,7,0,1,-89.25067879265092,12.067241259496361,0.012738690878487826,B
9,8,0,0,-22.970945805774278,37.94454888102183,-0.14908307733177412,B
9,11,0,0,-233.54772796325457,44.361610440706585,0.2896767562280454,B
9,12,0,0,-390.8428619553806,30.90856600519324,0.07996545485296738,B
9,13,1,0,-363.71950963254596,16.580034857559376,0.07357509779705501,B
9,14,1,0,-279.60477717847766,19.324689378054842,0.10891390773797278,B
10,1,1,1,-8.651518297333334,11.071485368905044,0.06442471229327253,B
10,2,1,1,-1.7381067520000002,16.769391255167005,0.033315748893350594,B
10,3,1,1,-10.678915142666668,11.323708855679637,0.08164544941203487,B
10,4,0,1,56.68323427333333,18.425191019290963,-0.03276940311590497,B
10,6,0,1,10.521453032,10.98046972213423,-0.05895053684785997,B
10,7,0,1,-59.75170620266666,7.568657105312117,0.017459403945952523,B
10,8,0,0,-57.09681242933334,40.5219136345806,0.02836188194552007,B
10,11,0,0,-117.31213698399998,31.55979911274169,-0.18892719341696856,B
10,12,0,0,-288.182195228,29.636377243092404,0.06286889019319974,B
10,13,1,0,-331.7321099466667,16.509979517080485,0.01657402178542655,B
10,14,1,0,-261.33777016,36.75546908219895,-0.22145829472174083,B
11,1,1,1,,,0.0,B
11,2,1,1,,,0.0,B
11,3,1,1,,,0.0,B
11,4,0,1,,,0.0,B
11,6,0,1,,,0.0,B
11,7,0,1,,,0.0,B
11,8,0,0,,,0.0,B
11,11,0,0,,,0.0,B
11,12,0,0,,,0.0,B
11,13,1,0,,,0.0,B
11,14,1,0,,,0.0,B
0,1,1,1,1.3146730196335081,2.8250044254367785,-0.0010418281399969453,C
0,2,1,1,-4.787177062827225,2.08784493199463,0.007111917459588266,C
0,3,1,1,-10.346585273560208,1.871600302245139,0.0005225102427971586,C
0,4,0,1,-0.9161690549738221,8.33575601964199,-0.0035451569583800804,C
0,5,1,0,150.03810199607327,14.470315825951966,0.029238956530811166,C
0,6,0,1,40.93118518324607,16.374580297359124,-0.07471846585384465,C
0,7,0,1,-55.02241435340314,13.222393503491528,-0.018419077378864245,C
0,8,0,0,-22.25328376439791,22.440852400894094,0.06241429275272592,C
0,10,1,0,-36.05417954842932,7.470240227510151,0.009604479889845818,C
0,11,0,0,-308.6988821989529,19.151517530606093,0.09108910792405671,C
0,12,0,0,-330.52381442408375,18.105849656379746,0.025348708315039575,C
0,13,1,0,-328.68702214659686,21.513574529518806,0.04466490308899555,C
1,1,1,1,3.558074468586388,2.0426576270042736,0.0031836837936797526,C
1,2,1,1,-2.5733978926701573,0.8217073104042123,-0.0010753979140472624,C
1,3,1,1,-10.680864553664923,1.2341365513983305,-0.002906582945559777,C
1,4,0,1,-0.5076922212041886,6.587285836713406,0.0017977682322273347,C
1,5,1,0,159.27895244764397,8.474566275717361,0.03137434399631172,C
1,6,0,1,23.539954890052357,6.385444029078529,0.027611582736688987,C
1,7,0,1,-82.36393856413612,13.641807968471168,-0.06488373076259875,C
1,8,0,0,-30.119981178010477,19.641109681581874,-0.03458872873206856,C
1,10,1,0,-88.03572762172776,30.470684353842156,-0.24199169844773624,C
1,11,0,0,-313.0624180628272,16.63992980053305,-0.0522665476327199,C
1,12,0,0,-378.50895047120423,29.75624528313339,0.033620081106032956,C
1,13,1,0,-348.59835969895283,24.966749425503462,-0.15301360204548062,C
2,1,1,1,5.2562178154450265,2.0666275206987272,0.012146453998474343,C
2,2,1,1,-2.3916548036649212,1.1180962275809796,0.0038894454284198452,C
2,3,1,1,-11.995809687172775,1.4350892005085432,-0.006422848877678539,C
2,4,0,1,-0.17608879581151834,2.0013421608097017,-0.0006993988408072787,C
2,5,1,0,190.30362386125657,11.787261844797328,0.051562489916237304,C
2,6,0,1,23.147695968586387,16.090475984372848,-0.024664058171359308,C
2,7,0,1,-108.5285982840314,12.853119355832563,-0.04486625479081643,C
2,8,0,0,-44.64786993848167,23.558822936705894,-0.02402328317582896,C
2,10,1,0,-103.99738476570681,10.841639299301569,0.05491357829120095,C
2,11,0,0,-321.1067838743455,27.107209495476972,-0.1690567127423904,C
2,12,0,0,-300.6516886256544,48.86934995439108,0.37256665389635935,C
2,13,1,0,-382.87492340314134,27.016446455785896,-0.15725817223657332,C
3,1,1,1,9.417573083769634,1.8475115135388651,-0.0028223244498559847,C
3,2,1,1,-1.9470674136125652,0.6228216488537442,0.001865393094141708,C
3,3,1,1,-13.496933556282722,0.7770274062118769,0.001039677304475964,C
3,4,0,1,-0.23382131020942415,2.9916702965939055,-0.001297810938426861,C
3,5,1,0,182.21964961518322,9.482768883171016,-0.034855815570666235,C
3,6,0,1,13.941032744764396,2.0063336351366163,-0.005996128310355007,C
3,7,0,1,-93.21445045680628,13.071251230962872,0.0931376841902708,C
3,8,0,0,-44.41403155104712,20.58703861662926,0.03357699635189151,C
3,10,1,0,-114.67767011125655,36.75568938478005,0.12564598322720452,C
3,11,0,0,-309.3606529450262,60.22033508604613,0.47784079398092494,C
3,12,0,0,-135.8131962316754,25.417407741824448,0.2152992748745997,C
3,13,1,0,-417.38160113874346,20.594778958044884,0.0003218443089454022,C
4,1,1,1,9.621145895013123,1.4761344073865557,-0.004101957557883469,C
4,2,1,1,-1.434302748031496,0.6118732874147739,0.0006559113040619874,C
4,3,1,1,-12.704052443569555,0.8279722909854836,0.0028070958964639837,C
4,4,0,1,-0.1687935341207349,0.7844196629323326,-0.00046031782979628335,C
4,5,1,0,115.10268721128607,31.195180097871724,-0.27869651174842675,C
4,6,0,1,11.28352551574803,2.083954918647496,-0.011702299186127559,C
4,7,0,1,-47.04085400393701,13.399931351002873,0.09051870084913118,C
4,8,0,0,-33.6734524488189,18.577096912562066,0.0498255686143772,C
4,10,1,0,65.25319947506561,41.770568548581515,0.33474217280101465,C
4,11,0,0,-161.630742992126,32.66907726843891,0.2875414492516546,C
4,12,0,0,-80.77052717454066,10.616802058962302,0.0925934858381629,C
4,13,1,0,-426.64317366141734,18.01342272652329,-0.06364639344258692,C
5,1,1,1,8.811748837696335,0.9931652090262122,-0.0011860312628122504,C
5,2,1,1,-1.1278959882198953,0.5003506307950722,-0.0004624368283344456,C
5,3,1,1,-11.791980435863874,0.9225736758320572,0.0028085814014979704,C
5,4,0,1,-0.23740083246073299,0.760071557897742,0.0033551509599500837,C
5,5,1,0,80.67767064921466,66.9381445986062,0.4305985349608648,C
5,6,0,1,4.919648286649215,1.624919662764548,-0.009915459583037642,C
5,7,0,1,-53.872312829842926,30.980338083447133,-0.20914493954467792,C
5,8,0,0,-30.37649773429319,23.778002519916154,-0.026841399180996046,C
5,10,1,0,99.64044108507852,57.68453960329037,-0.30760041104524655,C
5,11,0,0,-194.04939642408374,131.24724846579988,-0.9112187187313487,C
5,12,0,0,-159.3084706649215,129.10935639863504,-0.9551518760211453,C
5,13,1,0,-406.85568229057594,21.93659595076994,0.12982894530243003,C
6,1,1,1,8.40729021989529,1.3528991747392813,-0.003882868361543191,C
6,2,1,1,-0.8082743638743456,0.6623980387198097,0.0006581586042671238,C
6,3,1,1,-11.087402513089005,1.081020850425057,0.00480049239889949,C
6,4,0,1,0.3716370052356021,0.5423203211861144,0.0003774617339066406,C
6,5,1,0,172.45421353141361,10.215242238103452,3.298846264486433e-05,C
6,6,0,1,1.451369412303665,1.2219392750239926,0.0013790177117186488,C
6,7,0,1,-120.07448512172776,18.560435231994504,-0.037635184999221256,C
6,8,0,0,-25.863678553664922,24.94946507840342,0.04496137033959993,C
6,10,1,0,18.65907228010471,18.297324153040037,-0.06235095313209906,C
6,11,0,0,-294.25873532722517,18.569296679448605,-0.03245026610552264,C
6,12,0,0,-325.2389067408377,14.44199185758674,-0.06407410138722273,C
6,13,1,0,-406.5475543193718,22.06147274181972,-0.16804280446945916,C
7,1,1,1,7.765765141361257,1.3835081487041452,-0.006778830893421409,C
7,2,1,1,-0.7525574253926702,0.5196465179472625,0.00022788253876488633,C
7,3,1,1,-10.313119918848168,1.1176075087809922,0.0035797911086148677,C
7,4,0,1,0.47990844240837693,0.3496162372027534,0.00015159857782701336,C
7,5,1,0,190.20736840968587,10.563180807961851,0.08329666746198335,C
7,6,0,1,0.15979422643979063,8.1688808200656,-0.005141953994222659,C
7,7,0,1,-119.80894585340313,11.883599517920134,0.0651043197235952,C
7,8,0,0,-20.75186435078534,26.33807877822316,0.04038822574173365,C
7,10,1,0,27.63671479712042,16.460152092210535,-0.12483772783453218,C
7,11,0,0,-298.7075243193717,24.44504458339015,0.0543032909883302,C
7,12,0,0,-323.5823108246073,15.77181697995988,0.008486989441609603,C
7,13,1,0,-438.70305672774873,14.78678382745018,-0.017319090446934242,C
8,1,1,1,6.256052238219895,1.1767735238911214,-0.001678227523028798,C
8,2,1,1,-0.5682615471204189,0.5908624475071916,0.0018052358672057318,C
8,3,1,1,-8.165079345549739,0.9179684818322766,0.0023885165973462274,C
8,4,0,1,0.391845357329843,0.3085557725175651,7.567011051478661e-05,C
8,5,1,0,193.98194182198952,5.480920281983396,-0.016019254358381998,C
8,6,0,1,-1.6193485641361258,21.379225006029714,0.0005534586907216714,C
8,7,0,1,-109.8869482460733,8.20460025074772,-0.03130884263152073,C
8,8,0,0,-13.685846336387433,26.560967037613672,-0.010694166669931672,C
8,10,1,0,-0.7814095353403148,14.682572188670468,0.09370431066368186,C
8,11,0,0,-272.28075531413606,22.021228061511312,0.02991089627704037,C
8,12,0,0,-330.6208112696335,19.53110865202875,-0.09226700709633337,C
8,13,1,0,-417.814039856021,21.82238072954386,0.1060220083088715,C
9,1,1,1,6.263198500000001,0.495019748188846,-0.02285343625540542,C
9,2,1,1,-0.3011240579710145,0.3971470917321186,0.0010113134704469477,C
9,3,1,1,-7.401217692028986,0.6372999189214503,0.026665353969228662,C
9,4,0,1,0.35900090217391306,0.26460032176424086,-0.0013474964023407255,C
9,5,1,0,212.04016420652175,6.8438020706449425,-0.7698004896526895,C
9,6,0,1,0.2433948949275362,21.46296831500837,0.004148655930029964,C
9,7,0,1,-111.07873559057971,3.4174747936278322,0.4026039795090079,C
9,8,0,0,-13.266075971014493,27.29742615546912,0.04727996775635036,C
9,10,1,0,37.73388996014493,12.331033806967733,-0.13228380915145507,C
9,11,0,0,-241.50624420289856,14.47576135089524,0.8898306480137043,C
9,12,0,0,-347.0270628985507,13.880561356841111,1.2516383189985318,C
9,13,1,0,-374.83511963768115,10.135367910363883,1.3649475800192243,C
10,1,1,1,,,0.0,C
10,2,1,1,,,0.0,C
10,3,1,1,,,0.0,C
10,4,0,1,,,0.0,C
10,5,1,0,,,0.0,C
10,6,0,1,,,0.0,C
10,7,0,1,,,0.0,C
10,8,0,0,,,0.0,C
10,10,1,0,,,0.0,C
10,11,0,0,,,0.0,C
10,12,0,0,,,0.0,C
10,13,1,0,,,0.0,C
11,1,1,1,,,0.0,C
11,2,1,1,,,0.0,C
11,3,1,1,,,0.0,C
11,4,0,1,,,0.0,C
11,5,1,0,,,0.0,C
11,6,0,1,,,0.0,C
11,7,0,1,,,0.0,C
11,8,0,0,,,0.0,C
11,10,1,0,,,0.0,C
11,11,0,0,,,0.0,C
11,12,0,0,,,0.0,C
11,13,1,0,,,0.0,C
