bolme,katman,dogruluk,f1,auc,pencere,esleme,model
lopo,bitki 0,0.8888888888888888,0.8933333333333333,0.968557098765432,1h,tekrar,onceden_egitilmis
lopo,bitki 1,0.6180555555555556,0.5864661654135338,0.7189429012345678,1h,tekrar,onceden_egitilmis
lopo,bitki 2,0.6736111111111112,0.7431693989071039,0.8460648148148148,1h,tekrar,onceden_egitilmis
lopo,bitki 3,0.8055555555555556,0.8133333333333334,0.8919753086419754,1h,tekrar,onceden_egitilmis
lopo,bitki 8,0.7361111111111112,0.7076923076923077,0.8375771604938272,1h,tekrar,onceden_egitilmis
lopo,bitki 9,0.7083333333333334,0.7083333333333334,0.8092206790123457,1h,tekrar,onceden_egitilmis
lopo,bitki 10,0.5694444444444444,0.4561403508771929,0.6473765432098766,1h,tekrar,onceden_egitilmis
lopo,bitki 11,0.6319444444444444,0.4752475247524752,0.7154706790123457,1h,tekrar,onceden_egitilmis
lopo,bitki 12,0.7847222222222222,0.8121212121212121,0.902391975308642,1h,tekrar,onceden_egitilmis
lopo,bitki 13,0.5486111111111112,0.5578231292517006,0.586033950617284,1h,tekrar,onceden_egitilmis
lopo,bitki 14,0.6944444444444444,0.725,0.7249228395061729,1h,tekrar,onceden_egitilmis
lopo,bitki 15,0.7569444444444444,0.7651006711409396,0.8252314814814815,1h,tekrar,onceden_egitilmis
yazar,bitki 0+12,0.8402777777777778,0.8516129032258064,0.929832175925926,1h,tekrar,onceden_egitilmis
rastgele,katman 0,0.7630057803468208,0.7734806629834254,0.8250526245447559,1h,tekrar,onceden_egitilmis
rastgele,katman 1,0.7456647398843931,0.7426900584795322,0.8218784456547161,1h,tekrar,onceden_egitilmis
rastgele,katman 2,0.7514450867052023,0.7393939393939394,0.8265227705569849,1h,tekrar,onceden_egitilmis
rastgele,katman 3,0.7217391304347827,0.7272727272727273,0.8223551552628041,1h,tekrar,onceden_egitilmis
rastgele,katman 4,0.7420289855072464,0.7464387464387464,0.8242035219787606,1h,tekrar,onceden_egitilmis
lopo,bitki 0,0.8611111111111112,0.8611111111111112,0.9135802469135802,1h,tekrar,rastgele_baslatilmis
lopo,bitki 1,0.6805555555555556,0.640625,0.6628086419753086,1h,tekrar,rastgele_baslatilmis
lopo,bitki 2,0.6458333333333334,0.711864406779661,0.7935956790123457,1h,tekrar,rastgele_baslatilmis
lopo,bitki 3,0.8055555555555556,0.8082191780821918,0.8875385802469137,1h,tekrar,rastgele_baslatilmis
lopo,bitki 8,0.7777777777777778,0.7333333333333333,0.8393132716049382,1h,tekrar,rastgele_baslatilmis
lopo,bitki 9,0.7430555555555556,0.725925925925926,0.7895447530864197,1h,tekrar,rastgele_baslatilmis
lopo,bitki 10,0.4861111111111111,0.3148148148148148,0.5217978395061728,1h,tekrar,rastgele_baslatilmis
lopo,bitki 11,0.5138888888888888,0.3518518518518518,0.560763888888889,1h,tekrar,rastgele_baslatilmis
lopo,bitki 12,0.7569444444444444,0.7770700636942676,0.8597608024691358,1h,tekrar,rastgele_baslatilmis
lopo,bitki 13,0.6319444444444444,0.6535947712418301,0.6246141975308641,1h,tekrar,rastgele_baslatilmis
lopo,bitki 14,0.6111111111111112,0.6266666666666667,0.6388888888888888,1h,tekrar,rastgele_baslatilmis
lopo,bitki 15,0.7569444444444444,0.7619047619047619,0.8362268518518517,1h,tekrar,rastgele_baslatilmis
yazar,bitki 0+12,0.7881944444444444,0.8013029315960912,0.8761574074074073,1h,tekrar,rastgele_baslatilmis
rastgele,katman 0,0.6791907514450867,0.6782608695652174,0.7463998128905076,1h,tekrar,rastgele_baslatilmis
rastgele,katman 1,0.6820809248554913,0.6726190476190477,0.7394500317417889,1h,tekrar,rastgele_baslatilmis
rastgele,katman 2,0.6820809248554913,0.6745562130177515,0.759631127000568,1h,tekrar,rastgele_baslatilmis
rastgele,katman 3,0.7130434782608696,0.7096774193548387,0.7893870143836537,1h,tekrar,rastgele_baslatilmis
rastgele,katman 4,0.7159420289855073,0.7100591715976331,0.747613926603038,1h,tekrar,rastgele_baslatilmis
lopo,bitki 0,0.7847222222222222,0.7703703703703704,0.8773148148148149,1h,parca,onceden_egitilmis
lopo,bitki 1,0.4513888888888889,0.5031446540880503,0.4673996913580247,1h,parca,onceden_egitilmis
lopo,bitki 2,0.8194444444444444,0.8142857142857143,0.9066358024691358,1h,parca,onceden_egitilmis
lopo,bitki 3,0.7847222222222222,0.7256637168141593,0.9346064814814814,1h,parca,onceden_egitilmis
lopo,bitki 8,0.75,0.7049180327868853,0.8499228395061729,1h,parca,onceden_egitilmis
lopo,bitki 9,0.7152777777777778,0.7388535031847133,0.7966820987654322,1h,parca,onceden_egitilmis
lopo,bitki 10,0.7083333333333334,0.6612903225806451,0.7307098765432098,1h,parca,onceden_egitilmis
lopo,bitki 11,0.6944444444444444,0.5769230769230769,0.8404706790123457,1h,parca,onceden_egitilmis
lopo,bitki 12,0.6875,0.7169811320754716,0.7853009259259259,1h,parca,onceden_egitilmis
lopo,bitki 13,0.6180555555555556,0.6451612903225806,0.576195987654321,1h,parca,onceden_egitilmis
lopo,bitki 14,0.6458333333333334,0.6982248520710059,0.7432484567901234,1h,parca,onceden_egitilmis
lopo,bitki 15,0.7291666666666666,0.7310344827586207,0.7949459876543211,1h,parca,onceden_egitilmis
yazar,bitki 0+12,0.7430555555555556,0.7516778523489933,0.8431712962962963,1h,parca,onceden_egitilmis
rastgele,katman 0,0.7687861271676301,0.7674418604651163,0.8524173878178356,1h,parca,onceden_egitilmis
rastgele,katman 1,0.7716763005780347,0.7669616519174042,0.8471716395469276,1h,parca,onceden_egitilmis
rastgele,katman 2,0.7947976878612717,0.7854984894259819,0.8618730996692171,1h,parca,onceden_egitilmis
rastgele,katman 3,0.7681159420289855,0.7777777777777778,0.8705471165479232,1h,parca,onceden_egitilmis
rastgele,katman 4,0.7913043478260869,0.788235294117647,0.8634561096921629,1h,parca,onceden_egitilmis
lopo,bitki 0,0.8541666666666666,0.8551724137931035,0.9330632716049384,1h,parca,rastgele_baslatilmis
lopo,bitki 1,0.5069444444444444,0.5534591194968553,0.5138888888888888,1h,parca,rastgele_baslatilmis
lopo,bitki 2,0.7847222222222222,0.7862068965517242,0.8605324074074074,1h,parca,rastgele_baslatilmis
lopo,bitki 3,0.8541666666666666,0.8396946564885496,0.921875,1h,parca,rastgele_baslatilmis
lopo,bitki 8,0.7222222222222222,0.6491228070175439,0.8379629629629629,1h,parca,rastgele_baslatilmis
lopo,bitki 9,0.625,0.625,0.6919367283950617,1h,parca,rastgele_baslatilmis
lopo,bitki 10,0.6180555555555556,0.5669291338582677,0.6329089506172841,1h,parca,rastgele_baslatilmis
lopo,bitki 11,0.6111111111111112,0.4509803921568627,0.7060185185185184,1h,parca,rastgele_baslatilmis
lopo,bitki 12,0.6388888888888888,0.6578947368421053,0.695023148148148,1h,parca,rastgele_baslatilmis
lopo,bitki 13,0.5625,0.6181818181818182,0.5910493827160495,1h,parca,rastgele_baslatilmis
lopo,bitki 14,0.6666666666666666,0.6962025316455697,0.707175925925926,1h,parca,rastgele_baslatilmis
lopo,bitki 15,0.6527777777777778,0.6710526315789473,0.7453703703703703,1h,parca,rastgele_baslatilmis
yazar,bitki 0+12,0.7361111111111112,0.7466666666666667,0.8224826388888888,1h,parca,rastgele_baslatilmis
rastgele,katman 0,0.7138728323699421,0.7130434782608696,0.7869290654549099,1h,parca,rastgele_baslatilmis
rastgele,katman 1,0.6878612716763006,0.6766467065868264,0.7649102876808447,1h,parca,rastgele_baslatilmis
rastgele,katman 2,0.7254335260115607,0.7129909365558912,0.8158307995589561,1h,parca,rastgele_baslatilmis
rastgele,katman 3,0.7217391304347827,0.7257142857142858,0.8052157548057535,1h,parca,rastgele_baslatilmis
rastgele,katman 4,0.7420289855072464,0.7327327327327328,0.8220526952547385,1h,parca,rastgele_baslatilmis
lopo,bitki 0,0.9166666666666666,0.9183673469387756,0.9679301697530864,30min,tekrar,onceden_egitilmis
lopo,bitki 1,0.59375,0.6033898305084746,0.6539834104938271,30min,tekrar,onceden_egitilmis
lopo,bitki 2,0.6770833333333334,0.7350427350427351,0.8268711419753086,30min,tekrar,onceden_egitilmis
lopo,bitki 3,0.7986111111111112,0.8104575163398693,0.9209104938271604,30min,tekrar,onceden_egitilmis
lopo,bitki 8,0.7430555555555556,0.6810344827586207,0.8777970679012346,30min,tekrar,onceden_egitilmis
lopo,bitki 9,0.6006944444444444,0.5818181818181818,0.6649305555555556,30min,tekrar,onceden_egitilmis
lopo,bitki 10,0.6354166666666666,0.5679012345679012,0.7341820987654322,30min,tekrar,onceden_egitilmis
lopo,bitki 11,0.6145833333333334,0.497737556561086,0.7427179783950617,30min,tekrar,onceden_egitilmis
lopo,bitki 12,0.7465277777777778,0.7558528428093646,0.8355034722222222,30min,tekrar,onceden_egitilmis
lopo,bitki 13,0.5173611111111112,0.4945454545454545,0.527295524691358,30min,tekrar,onceden_egitilmis
lopo,bitki 14,0.7222222222222222,0.75,0.8075327932098766,30min,tekrar,onceden_egitilmis
lopo,bitki 15,0.7430555555555556,0.75,0.8093653549382718,30min,tekrar,onceden_egitilmis
yazar,bitki 0+12,0.8246527777777778,0.8325041459369817,0.920018325617284,30min,tekrar,onceden_egitilmis
rastgele,katman 0,0.7341040462427746,0.7261904761904762,0.823582478532527,30min,tekrar,onceden_egitilmis
rastgele,katman 1,0.7467438494934877,0.7437774524158126,0.8223255424310967,30min,tekrar,onceden_egitilmis
rastgele,katman 2,0.768451519536903,0.7647058823529411,0.8485130267236325,30min,tekrar,onceden_egitilmis
rastgele,katman 3,0.7510853835021708,0.7521613832853026,0.8459830778252493,30min,tekrar,onceden_egitilmis
rastgele,katman 4,0.7496382054992764,0.7587168758716876,0.8281812850800034,30min,tekrar,onceden_egitilmis
lopo,bitki 0,0.8715277777777778,0.8701754385964913,0.9420331790123456,30min,tekrar,rastgele_baslatilmis
lopo,bitki 1,0.6840277777777778,0.6617100371747212,0.7133005401234569,30min,tekrar,rastgele_baslatilmis
lopo,bitki 2,0.6944444444444444,0.75,0.8182388117283951,30min,tekrar,rastgele_baslatilmis
lopo,bitki 3,0.8055555555555556,0.8014184397163121,0.8713348765432097,30min,tekrar,rastgele_baslatilmis
lopo,bitki 8,0.7326388888888888,0.6695278969957081,0.8191068672839507,30min,tekrar,rastgele_baslatilmis
lopo,bitki 9,0.6180555555555556,0.5769230769230769,0.632908950617284,30min,tekrar,rastgele_baslatilmis
lopo,bitki 10,0.5243055555555556,0.4069264069264069,0.5646219135802468,30min,tekrar,rastgele_baslatilmis
lopo,bitki 11,0.5763888888888888,0.396039603960396,0.6013695987654322,30min,tekrar,rastgele_baslatilmis
lopo,bitki 12,0.7638888888888888,0.7806451612903226,0.8412905092592592,30min,tekrar,rastgele_baslatilmis
lopo,bitki 13,0.5833333333333334,0.6078431372549019,0.6140046296296295,30min,tekrar,rastgele_baslatilmis
lopo,bitki 14,0.6493055555555556,0.6813880126182965,0.7264178240740741,30min,tekrar,rastgele_baslatilmis
lopo,bitki 15,0.6909722222222222,0.7100977198697068,0.7621045524691358,30min,tekrar,rastgele_baslatilmis
yazar,bitki 0+12,0.8003472222222222,0.806070826306914,0.8797260802469135,30min,tekrar,rastgele_baslatilmis
rastgele,katman 0,0.6965317919075145,0.6856287425149701,0.7525894617260851,30min,tekrar,rastgele_baslatilmis
rastgele,katman 1,0.7062228654124457,0.6974664679582713,0.7636005696573679,30min,tekrar,rastgele_baslatilmis
rastgele,katman 2,0.7308248914616498,0.7207207207207207,0.7926949819887743,30min,tekrar,rastgele_baslatilmis
rastgele,katman 3,0.7018813314037626,0.6888217522658611,0.780288179609617,30min,tekrar,rastgele_baslatilmis
rastgele,katman 4,0.6975397973950795,0.6957787481804949,0.7581385607774147,30min,tekrar,rastgele_baslatilmis
lopo,bitki 0,0.8055555555555556,0.8145695364238411,0.8684895833333334,5min,tekrar,onceden_egitilmis
lopo,bitki 1,0.5243055555555556,0.5324232081911263,0.5072820216049383,5min,tekrar,onceden_egitilmis
lopo,bitki 2,0.7638888888888888,0.7638888888888888,0.8080150462962963,5min,tekrar,onceden_egitilmis
lopo,bitki 3,0.7986111111111112,0.7642276422764228,0.9007523148148148,5min,tekrar,onceden_egitilmis
lopo,bitki 8,0.7743055555555556,0.7565543071161048,0.8466917438271605,5min,tekrar,onceden_egitilmis
lopo,bitki 9,0.6354166666666666,0.6391752577319587,0.6761188271604938,5min,tekrar,onceden_egitilmis
lopo,bitki 10,0.59375,0.5617977528089888,0.6441936728395061,5min,tekrar,onceden_egitilmis
lopo,bitki 11,0.5763888888888888,0.4830508474576271,0.6735146604938271,5min,tekrar,onceden_egitilmis
lopo,bitki 12,0.6388888888888888,0.6533333333333333,0.7017746913580247,5min,tekrar,onceden_egitilmis
lopo,bitki 13,0.6284722222222222,0.6491803278688525,0.6929976851851851,5min,tekrar,onceden_egitilmis
lopo,bitki 14,0.6527777777777778,0.6987951807228916,0.7486979166666667,5min,tekrar,onceden_egitilmis
lopo,bitki 15,0.6597222222222222,0.6754966887417219,0.7317226080246914,5min,tekrar,onceden_egitilmis
yazar,bitki 0+12,0.7118055555555556,0.7287581699346405,0.7982976466049383,5min,tekrar,onceden_egitilmis
rastgele,katman 0,0.6979768786127167,0.6903703703703704,0.7645009856660765,5min,tekrar,onceden_egitilmis
rastgele,katman 1,0.768451519536903,0.7694524495677233,0.8174248136047584,5min,tekrar,onceden_egitilmis
rastgele,katman 2,0.7424023154848046,0.7397660818713451,0.8173494177766609,5min,tekrar,onceden_egitilmis
rastgele,katman 3,0.6903039073806078,0.6934097421203438,0.7611962804724806,5min,tekrar,onceden_egitilmis
rastgele,katman 4,0.7018813314037626,0.7048710601719198,0.7752282818128509,5min,tekrar,onceden_egitilmis
lopo,bitki 0,1.0,1.0,1.0,6h,tekrar,onceden_egitilmis
lopo,bitki 1,0.782608695652174,0.7619047619047619,0.8636363636363636,6h,tekrar,onceden_egitilmis
lopo,bitki 2,0.6956521739130435,0.7407407407407407,0.8409090909090909,6h,tekrar,onceden_egitilmis
lopo,bitki 3,0.8260869565217391,0.8333333333333334,0.9545454545454546,6h,tekrar,onceden_egitilmis
lopo,bitki 8,0.8260869565217391,0.8,0.9393939393939394,6h,tekrar,onceden_egitilmis
lopo,bitki 9,0.782608695652174,0.7368421052631579,0.8636363636363635,6h,tekrar,onceden_egitilmis
lopo,bitki 10,0.6521739130434783,0.5555555555555556,0.8636363636363638,6h,tekrar,onceden_egitilmis
lopo,bitki 11,0.5217391304347826,0.26666666666666666,0.6060606060606061,6h,tekrar,onceden_egitilmis
lopo,bitki 12,0.8695652173913043,0.8695652173913043,0.9393939393939394,6h,tekrar,onceden_egitilmis
lopo,bitki 13,0.7391304347826086,0.7692307692307693,0.8636363636363636,6h,tekrar,onceden_egitilmis
lopo,bitki 14,0.782608695652174,0.782608695652174,0.9242424242424243,6h,tekrar,onceden_egitilmis
lopo,bitki 15,0.8695652173913043,0.8571428571428571,0.9545454545454546,6h,tekrar,onceden_egitilmis
yazar,bitki 0+12,0.9347826086956522,0.9333333333333333,0.9810606060606061,6h,tekrar,onceden_egitilmis
rastgele,katman 0,0.7857142857142857,0.76,0.8735632183908046,6h,tekrar,onceden_egitilmis
rastgele,katman 1,0.8727272727272727,0.8679245283018868,0.9045092838196287,6h,tekrar,onceden_egitilmis
rastgele,katman 2,0.8909090909090909,0.8928571428571429,0.960212201591512,6h,tekrar,onceden_egitilmis
rastgele,katman 3,0.9090909090909091,0.9090909090909091,0.940318302387268,6h,tekrar,onceden_egitilmis
rastgele,katman 4,0.7454545454545455,0.7407407407407407,0.8505291005291006,6h,tekrar,onceden_egitilmis
lopo,bitki 0,0.9565217391304348,0.9565217391304348,0.9393939393939393,6h,tekrar,rastgele_baslatilmis
lopo,bitki 1,0.6956521739130435,0.5882352941176471,0.75,6h,tekrar,rastgele_baslatilmis
lopo,bitki 2,0.8695652173913043,0.8695652173913043,0.909090909090909,6h,tekrar,rastgele_baslatilmis
lopo,bitki 3,0.9565217391304348,0.9523809523809523,0.9696969696969697,6h,tekrar,rastgele_baslatilmis
lopo,bitki 8,0.7391304347826086,0.7,0.9090909090909091,6h,tekrar,rastgele_baslatilmis
lopo,bitki 9,0.5217391304347826,0.35294117647058826,0.5757575757575757,6h,tekrar,rastgele_baslatilmis
lopo,bitki 10,0.6521739130434783,0.6666666666666666,0.7651515151515151,6h,tekrar,rastgele_baslatilmis
lopo,bitki 11,0.4782608695652174,0.25,0.5530303030303031,6h,tekrar,rastgele_baslatilmis
lopo,bitki 12,0.782608695652174,0.782608695652174,0.8484848484848485,6h,tekrar,rastgele_baslatilmis
lopo,bitki 13,0.6521739130434783,0.6666666666666666,0.803030303030303,6h,tekrar,rastgele_baslatilmis
lopo,bitki 14,0.6521739130434783,0.6363636363636364,0.6666666666666666,6h,tekrar,rastgele_baslatilmis
lopo,bitki 15,0.782608695652174,0.782608695652174,0.9393939393939394,6h,tekrar,rastgele_baslatilmis
yazar,bitki 0+12,0.8043478260869565,0.8,0.8882575757575758,6h,tekrar,rastgele_baslatilmis
rastgele,katman 0,0.7142857142857143,0.6923076923076923,0.7381864623243933,6h,tekrar,rastgele_baslatilmis
rastgele,katman 1,0.7818181818181819,0.76,0.8554376657824934,6h,tekrar,rastgele_baslatilmis
rastgele,katman 2,0.7636363636363637,0.7450980392156863,0.7957559681697612,6h,tekrar,rastgele_baslatilmis
rastgele,katman 3,0.6909090909090909,0.6530612244897959,0.7758620689655172,6h,tekrar,rastgele_baslatilmis
rastgele,katman 4,0.7272727272727273,0.7272727272727273,0.8373015873015873,6h,tekrar,rastgele_baslatilmis
