bitki,grup,delta_plasebo,delta_son
0,asiri,0.2092159564803059,0.9208153561099583
1,asiri,0.3534006644590046,0.5860127174132022
2,asiri,-0.05662221622382452,0.42540097233809904
3,asiri,0.15783994081607683,0.8468292469533563
4,kontrol,-0.1526631393000098,0.08599512238332765
5,kontrol,0.19333632917460195,0.5001978928249398
6,kontrol,-0.08428051539245557,0.025026746546855105
7,kontrol,-0.02041743433084974,0.5535177035794445
8,200,0.17899022922449634,0.6885665051661766
9,200,0.12732371952139315,0.3307206601908217
10,200,-0.009547353228014893,0.2725483958024668
11,200,0.2651947293454979,0.21198482885283043
12,100,0.2712978334154361,0.8988898106559206
13,100,0.35397830132812125,0.7402939664064876
14,100,-0.11005029085887458,0.4279331731525726
15,100,-0.31848186575712056,0.35436013710832737
