gorev,model,bolme,katman,n_test,makro_f1,dengeli_dogruluk,auc
gunduz,MiniRocket,rastgele,katman 0,1218,0.6281766108174279,0.6249113041262044,0.6769935212189492
gunduz,MiniRocket,rastgele,katman 1,1218,0.6130650011566041,0.6107112757435248,0.670051349480568
gunduz,MiniRocket,rastgele,katman 2,1218,0.6135412084779173,0.6112012987012987,0.6792642625231912
gunduz,MiniRocket,rastgele,katman 3,1218,0.5684219366759049,0.571387987012987,0.6384160482374769
gunduz,MiniRocket,rastgele,katman 4,1217,0.5775489555119704,0.5777041148058704,0.6379980958573287
gunduz,MiniRocket,lopo,bitki P1,1898,0.5750446854631215,0.5777040223203906,0.6438595675424319
gunduz,MiniRocket,lopo,bitki P2,1540,0.5684315722276265,0.5676623670513691,0.6221466687106264
gunduz,MiniRocket,lopo,bitki P3,1438,0.5234904270986745,0.5352752125453109,0.5819409046708064
gunduz,MiniRocket,lopo,bitki P5,1213,0.5796465288206076,0.5782372389515247,0.6254281432852862
gunduz,MiniRocket,zaman,blok 0,214,0.5708022388059701,0.6237684729064039,0.7514954257565095
gunduz,MiniRocket,zaman,blok 1,1015,0.5508270676691729,0.5879194083419436,0.6547742050760159
gunduz,MiniRocket,zaman,blok 2,1467,0.5329065007033364,0.5649531674437652,0.6187664609014845
gunduz,MiniRocket,zaman,blok 3,1788,0.5815486401337814,0.5824404761904762,0.6457015306122449
gunduz,MiniRocket,zaman,blok 4,1605,0.5583591635138174,0.5994581497609107,0.6245123134184853
gunduz,kNN,rastgele,katman 0,1218,0.4896563478705499,0.49812037152348376,0.5292269195235185
gunduz,kNN,rastgele,katman 1,1218,0.47830687830687835,0.4873508823248311,0.488657064825461
gunduz,kNN,rastgele,katman 2,1218,0.49438894019533763,0.5001623376623376,0.5006087662337663
gunduz,kNN,rastgele,katman 3,1218,0.49173280423280424,0.49949269480519476,0.5182702342300557
gunduz,kNN,rastgele,katman 4,1217,0.506512911952096,0.514011122979751,0.523243022013747
gunduz,kNN,lopo,bitki P1,1898,0.48467882369470905,0.5031039293187631,0.5140362706347361
gunduz,kNN,lopo,bitki P2,1540,0.5083568075117371,0.5140011241778537,0.5121834599858384
gunduz,kNN,lopo,bitki P3,1438,0.4804829428585902,0.48392218924318403,0.46859329219074736
gunduz,kNN,lopo,bitki P5,1213,0.4880196382304769,0.49396882879025733,0.49433602112173547
gunduz,kNN,zaman,blok 0,214,0.43243794627677656,0.4727304714989444,0.5169334975369457
gunduz,kNN,zaman,blok 1,1015,0.4536952938406163,0.49004839849910276,0.48504152327089955
gunduz,kNN,zaman,blok 2,1467,0.46838308648607163,0.5049828862981428,0.5023406885306262
gunduz,kNN,zaman,blok 3,1788,0.5105045756373673,0.5109778911564626,0.5234240362811791
gunduz,kNN,zaman,blok 4,1605,0.5045684652426226,0.5095731861050454,0.5033812224107208
yagmurlu,MiniRocket,rastgele,katman 0,1218,0.5675977771450866,0.5491516441363762,0.8446713830261531
yagmurlu,MiniRocket,rastgele,katman 1,1218,0.5877112218370883,0.5621121121121121,0.8228561895228562
yagmurlu,MiniRocket,rastgele,katman 2,1218,0.5834911616161617,0.5603103103103103,0.8176259592926259
yagmurlu,MiniRocket,rastgele,katman 3,1218,0.6063258450076559,0.5751001001001,0.8197697697697698
yagmurlu,MiniRocket,rastgele,katman 4,1217,0.5887797835413616,0.5627178580449609,0.8566388818725267
yagmurlu,MiniRocket,lopo,bitki P1,1898,0.5554379074901176,0.5407653846301435,0.8025410493436325
yagmurlu,MiniRocket,lopo,bitki P2,1540,0.5937058883567408,0.5674802584350322,0.8681844597135335
yagmurlu,MiniRocket,lopo,bitki P3,1438,0.5426437074673472,0.533706373292868,0.677731411229135
yagmurlu,MiniRocket,lopo,bitki P5,1213,0.616274165202109,0.5828575077759913,0.8474403089360039
yagmurlu,MiniRocket,zaman,blok 0,214,0.5450680272108843,0.5429226158998766,0.756389917151419
yagmurlu,MiniRocket,zaman,blok 1,1015,0.6062343498873948,0.5737824161922833,0.7963440860215054
yagmurlu,MiniRocket,zaman,blok 2,1467,0.5589469418700409,0.5495894607843137,0.814281045751634
yagmurlu,MiniRocket,zaman,blok 3,1788,0.6239691943127962,0.5872466216216216,0.8257447788697788
yagmurlu,MiniRocket,zaman,blok 4,1605,0.5238324580702085,0.5181712424383434,0.7304420660772453
yagmurlu,kNN,rastgele,katman 0,1218,0.48556814879395527,0.5033227621827603,0.5463209872389109
yagmurlu,kNN,rastgele,katman 1,1218,0.4852624784853701,0.5032782782782783,0.5901735068401734
yagmurlu,kNN,rastgele,katman 2,1218,0.49310344827586206,0.5065565565565566,0.5226226226226226
yagmurlu,kNN,rastgele,katman 3,1218,0.5101709539199485,0.5158158158158158,0.5717258925592259
yagmurlu,kNN,rastgele,katman 4,1217,0.4756570443774235,0.4972972972972973,0.5296876315567904
yagmurlu,kNN,lopo,bitki P1,1898,0.47900082349711776,0.49885648942252714,0.5198368386921002
yagmurlu,kNN,lopo,bitki P2,1540,0.49267826345332755,0.5069736437288483,0.5660347412475399
yagmurlu,kNN,lopo,bitki P3,1438,0.4927517827764185,0.505677794638341,0.5297230652503794
yagmurlu,kNN,lopo,bitki P5,1213,0.4893512767425811,0.5072801310273324,0.5827222731439047
yagmurlu,kNN,zaman,blok 0,214,0.4933712121212121,0.5161290322580645,0.5904283447911158
yagmurlu,kNN,zaman,blok 1,1015,0.4770736733642452,0.4978494623655914,0.5451423149905122
yagmurlu,kNN,zaman,blok 2,1467,0.47489470297057246,0.504031862745098,0.5054289215686275
yagmurlu,kNN,zaman,blok 3,1788,0.48159792085848424,0.5009751228501229,0.5693085841523342
yagmurlu,kNN,zaman,blok 4,1605,0.5013518960131663,0.5055141926477431,0.48942764076314565
