bitki,sulama,delta,auc_son_ilk,pencere
0,True,0.474351823533197,0.968114241001565,1h
1,True,0.11414332690191853,0.5694444444444444,1h
2,True,0.06564545798317922,0.5463615023474179,1h
3,True,0.33127852563237215,0.8798904538341158,1h
4,False,0.11232897683627951,0.7296557120500782,1h
5,False,0.02023569074609391,0.8969092331768389,1h
6,False,0.3302606921005291,0.8184883951596905,1h
7,False,0.01560829265955663,0.6617734576472922,1h
8,True,0.4335615983813353,0.8530907668231612,1h
9,True,0.46226083454179956,0.8035993740219092,1h
10,True,0.10436539250822612,0.6764475743348983,1h
11,True,0.10898044616568055,0.7093114241001565,1h
12,True,0.5914791120598277,0.9248826291079812,1h
13,True,0.22093105172238134,0.5385367762128326,1h
14,True,0.02433296168981547,0.5113458528951486,1h
15,True,0.5558395543691375,0.9307511737089202,1h
