pencere,model,bolme,katman,dogruluk,f1,auc
1h,kNN,lopo,bitki 0,0.4583333333333333,0.2777777777777778,0.4996141975308641
1h,kNN,lopo,bitki 1,0.5833333333333334,0.4444444444444444,0.6169945987654322
1h,kNN,lopo,bitki 2,0.5347222222222222,0.3738317757009345,0.5267168209876544
1h,kNN,lopo,bitki 3,0.5069444444444444,0.3716814159292035,0.4691358024691358
1h,kNN,lopo,bitki 8,0.5208333333333334,0.3300970873786408,0.4854359567901234
1h,kNN,lopo,bitki 9,0.4861111111111111,0.3508771929824561,0.4515817901234568
1h,kNN,lopo,bitki 10,0.5277777777777778,0.3333333333333333,0.5607638888888888
1h,kNN,lopo,bitki 11,0.5138888888888888,0.2708333333333333,0.5483217592592593
1h,kNN,lopo,bitki 12,0.4305555555555556,0.2115384615384615,0.4336419753086419
1h,kNN,lopo,bitki 13,0.4444444444444444,0.2592592592592592,0.4542824074074073
1h,kNN,lopo,bitki 14,0.5208333333333334,0.3428571428571428,0.5282600308641975
1h,kNN,lopo,bitki 15,0.5277777777777778,0.4035087719298245,0.5068479938271605
1h,kNN,yazar,bitki 0+12,0.4548611111111111,0.2697674418604651,0.4731867283950617
1h,kNN,rastgele,katman 0,0.4913294797687861,0.3015873015873015,0.4841123993451168
1h,kNN,rastgele,katman 1,0.4855491329479768,0.288,0.4894416786394467
1h,kNN,rastgele,katman 2,0.5664739884393064,0.4402985074626865,0.5696648735340306
1h,kNN,rastgele,katman 3,0.5159420289855072,0.3552123552123552,0.516316037101761
1h,kNN,rastgele,katman 4,0.5449275362318841,0.4119850187265917,0.5559046914907918
1h,Naive Bayes,lopo,bitki 0,0.5138888888888888,0.1463414634146341,0.635030864197531
1h,Naive Bayes,lopo,bitki 1,0.5208333333333334,0.5490196078431373,0.5001929012345679
1h,Naive Bayes,lopo,bitki 2,0.5625,0.2921348314606741,0.53125
1h,Naive Bayes,lopo,bitki 3,0.4583333333333333,0.025,0.4964313271604938
1h,Naive Bayes,lopo,bitki 8,0.5208333333333334,0.2736842105263158,0.5398341049382716
1h,Naive Bayes,lopo,bitki 9,0.5069444444444444,0.1012658227848101,0.5015432098765433
1h,Naive Bayes,lopo,bitki 10,0.4930555555555556,0.0987654320987654,0.5132137345679012
1h,Naive Bayes,lopo,bitki 11,0.5138888888888888,0.125,0.4395254629629629
1h,Naive Bayes,lopo,bitki 12,0.5138888888888888,0.125,0.5978009259259259
1h,Naive Bayes,lopo,bitki 13,0.4861111111111111,0.0263157894736842,0.5092592592592592
1h,Naive Bayes,lopo,bitki 14,0.4722222222222222,0.1363636363636363,0.4400077160493827
1h,Naive Bayes,lopo,bitki 15,0.5138888888888888,0.0789473684210526,0.6061921296296297
1h,Naive Bayes,yazar,bitki 0+12,0.5104166666666666,0.124223602484472,0.6119550540123456
1h,Naive Bayes,rastgele,katman 0,0.4826589595375722,0.0725388601036269,0.5038424270774166
1h,Naive Bayes,rastgele,katman 1,0.5173410404624278,0.1773399014778325,0.5156871261986702
1h,Naive Bayes,rastgele,katman 2,0.4855491329479768,0.2123893805309734,0.5044104380366868
1h,Naive Bayes,rastgele,katman 3,0.5333333333333333,0.1658031088082901,0.5784715687592419
1h,Naive Bayes,rastgele,katman 4,0.5014492753623189,0.14,0.5362952009678721
1h,tsfresh + LightGBM,lopo,bitki 0,0.9444444444444444,0.9411764705882352,0.995949074074074
1h,tsfresh + LightGBM,lopo,bitki 1,0.5972222222222222,0.5084745762711864,0.6132330246913581
1h,tsfresh + LightGBM,lopo,bitki 2,0.7152777777777778,0.616822429906542,0.8904320987654322
1h,tsfresh + LightGBM,lopo,bitki 3,0.8125,0.8421052631578947,0.980131172839506
1h,tsfresh + LightGBM,lopo,bitki 8,0.7430555555555556,0.6782608695652174,0.8678626543209876
1h,tsfresh + LightGBM,lopo,bitki 9,0.7083333333333334,0.7307692307692307,0.7393904320987654
1h,tsfresh + LightGBM,lopo,bitki 10,0.7361111111111112,0.7121212121212122,0.8188657407407407
1h,tsfresh + LightGBM,lopo,bitki 11,0.6944444444444444,0.5849056603773585,0.7966820987654321
1h,tsfresh + LightGBM,lopo,bitki 12,0.7916666666666666,0.810126582278481,0.8929398148148149
1h,tsfresh + LightGBM,lopo,bitki 13,0.5694444444444444,0.4259259259259259,0.5260416666666667
1h,tsfresh + LightGBM,lopo,bitki 14,0.5763888888888888,0.6432748538011696,0.6184413580246915
1h,tsfresh + LightGBM,lopo,bitki 15,0.8541666666666666,0.8444444444444444,0.945408950617284
1h,tsfresh + LightGBM,yazar,bitki 0+12,0.8715277777777778,0.8770764119601329,0.9461323302469136
1h,tsfresh + LightGBM,rastgele,katman 0,0.9046242774566474,0.9054441260744984,0.9627785759631128
1h,tsfresh + LightGBM,rastgele,katman 1,0.9104046242774566,0.9106628242074928,0.968358448327709
1h,tsfresh + LightGBM,rastgele,katman 2,0.8959537572254336,0.8983050847457628,0.9641150723378664
1h,tsfresh + LightGBM,rastgele,katman 3,0.910144927536232,0.9116809116809116,0.96656136577497
1h,tsfresh + LightGBM,rastgele,katman 4,0.9217391304347826,0.923943661971831,0.9683089124882376
1h,MiniRocket,lopo,bitki 0,0.8472222222222222,0.8533333333333334,0.9351851851851852
1h,MiniRocket,lopo,bitki 1,0.5277777777777778,0.5802469135802469,0.589891975308642
1h,MiniRocket,lopo,bitki 2,0.8263888888888888,0.8344370860927153,0.9008487654320988
1h,MiniRocket,lopo,bitki 3,0.9305555555555556,0.9264705882352942,0.982638888888889
1h,MiniRocket,lopo,bitki 8,0.8125,0.7768595041322314,0.919945987654321
1h,MiniRocket,lopo,bitki 9,0.7569444444444444,0.7651006711409396,0.8580246913580247
1h,MiniRocket,lopo,bitki 10,0.6111111111111112,0.5254237288135594,0.7046682098765432
1h,MiniRocket,lopo,bitki 11,0.6319444444444444,0.5225225225225225,0.6975308641975309
1h,MiniRocket,lopo,bitki 12,0.7916666666666666,0.8148148148148148,0.8420138888888888
1h,MiniRocket,lopo,bitki 13,0.5138888888888888,0.5138888888888888,0.5113811728395061
1h,MiniRocket,lopo,bitki 14,0.6736111111111112,0.7283236994219653,0.7521219135802468
1h,MiniRocket,lopo,bitki 15,0.7777777777777778,0.7948717948717948,0.8470293209876543
1h,MiniRocket,yazar,bitki 0+12,0.8194444444444444,0.8333333333333334,0.894579475308642
1h,MiniRocket,rastgele,katman 0,0.8034682080924855,0.8023255813953488,0.8759063116041297
1h,MiniRocket,rastgele,katman 1,0.7716763005780347,0.764179104477612,0.8554913294797687
1h,MiniRocket,rastgele,katman 2,0.8005780346820809,0.7976539589442815,0.8837248153964382
1h,MiniRocket,rastgele,katman 3,0.808695652173913,0.8156424581005587,0.8918537437827664
1h,MiniRocket,rastgele,katman 4,0.8028985507246377,0.8100558659217877,0.8914504637720124
30min,kNN,lopo,bitki 0,0.5138888888888888,0.2553191489361702,0.5673466435185186
30min,kNN,lopo,bitki 1,0.5416666666666666,0.3125,0.5595823688271605
30min,kNN,lopo,bitki 2,0.5625,0.3636363636363636,0.5787278163580246
30min,kNN,lopo,bitki 3,0.5451388888888888,0.3068783068783068,0.5699508101851851
30min,kNN,lopo,bitki 8,0.5034722222222222,0.227027027027027,0.5275125385802468
30min,kNN,lopo,bitki 9,0.4791666666666667,0.1758241758241758,0.4508342978395061
30min,kNN,lopo,bitki 10,0.5347222222222222,0.247191011235955,0.5777391975308643
30min,kNN,lopo,bitki 11,0.4861111111111111,0.1590909090909091,0.4271074459876542
30min,kNN,lopo,bitki 12,0.5347222222222222,0.2872340425531915,0.5636574074074074
30min,kNN,lopo,bitki 13,0.5729166666666666,0.3422459893048128,0.542920524691358
30min,kNN,lopo,bitki 14,0.5138888888888888,0.1954022988505747,0.5395929783950617
30min,kNN,lopo,bitki 15,0.5104166666666666,0.2295081967213114,0.50390625
30min,kNN,yazar,bitki 0+12,0.515625,0.2790697674418604,0.5554892457561729
30min,kNN,rastgele,katman 0,0.5072254335260116,0.2160919540229885,0.5214173544054261
30min,kNN,rastgele,katman 1,0.5253256150506512,0.2579185520361991,0.5503309039122057
30min,kNN,rastgele,katman 2,0.5094066570188133,0.2516556291390728,0.5174415682332244
30min,kNN,rastgele,katman 3,0.5224312590448625,0.2826086956521739,0.5211610957527016
30min,kNN,rastgele,katman 4,0.5340086830680174,0.2747747747747748,0.5487978554075563
30min,Naive Bayes,lopo,bitki 0,0.5451388888888888,0.2598870056497175,0.7029562114197531
30min,Naive Bayes,lopo,bitki 1,0.5694444444444444,0.3861386138613861,0.5382426697530864
30min,Naive Bayes,lopo,bitki 2,0.5277777777777778,0.2688172043010752,0.5872636959876544
30min,Naive Bayes,lopo,bitki 3,0.4652777777777778,0.1046511627906976,0.5921103395061728
30min,Naive Bayes,lopo,bitki 8,0.4583333333333333,0.1521739130434782,0.525318287037037
30min,Naive Bayes,lopo,bitki 9,0.4861111111111111,0.0975609756097561,0.5790412808641976
30min,Naive Bayes,lopo,bitki 10,0.5,0.1529411764705882,0.5329137731481481
30min,Naive Bayes,lopo,bitki 11,0.5034722222222222,0.1734104046242774,0.4480131172839506
30min,Naive Bayes,lopo,bitki 12,0.4826388888888889,0.1077844311377245,0.622781635802469
30min,Naive Bayes,lopo,bitki 13,0.53125,0.2105263157894736,0.6408661265432098
30min,Naive Bayes,lopo,bitki 14,0.4930555555555556,0.1511627906976744,0.5230034722222222
30min,Naive Bayes,lopo,bitki 15,0.5173611111111112,0.1257861635220125,0.5904947916666666
30min,Naive Bayes,yazar,bitki 0+12,0.5121527777777778,0.1759530791788856,0.660204475308642
30min,Naive Bayes,rastgele,katman 0,0.5043352601156069,0.1967213114754098,0.5824284139129272
30min,Naive Bayes,rastgele,katman 1,0.4949348769898697,0.1826697892271662,0.5783697746502472
30min,Naive Bayes,rastgele,katman 2,0.5036179450072359,0.1891252955082742,0.573573762251822
30min,Naive Bayes,rastgele,katman 3,0.5021707670043415,0.1924882629107981,0.5577867135796264
30min,Naive Bayes,rastgele,katman 4,0.5123010130246021,0.1760391198044009,0.574080589762922
30min,tsfresh + LightGBM,lopo,bitki 0,0.9131944444444444,0.9056603773584906,0.9906442901234568
30min,tsfresh + LightGBM,lopo,bitki 1,0.6006944444444444,0.5147679324894515,0.6158371913580247
30min,tsfresh + LightGBM,lopo,bitki 2,0.6354166666666666,0.4385026737967914,0.8642457561728395
30min,tsfresh + LightGBM,lopo,bitki 3,0.8020833333333334,0.8338192419825073,0.953269675925926
30min,tsfresh + LightGBM,lopo,bitki 8,0.7152777777777778,0.652542372881356,0.8174189814814816
30min,tsfresh + LightGBM,lopo,bitki 9,0.6909722222222222,0.6962457337883959,0.7309027777777777
30min,tsfresh + LightGBM,lopo,bitki 10,0.6701388888888888,0.652014652014652,0.7825038580246912
30min,tsfresh + LightGBM,lopo,bitki 11,0.7013888888888888,0.6293103448275862,0.8049768518518519
30min,tsfresh + LightGBM,lopo,bitki 12,0.75,0.7857142857142857,0.8616415895061729
30min,tsfresh + LightGBM,lopo,bitki 13,0.5243055555555556,0.3444976076555024,0.4789255401234568
30min,tsfresh + LightGBM,lopo,bitki 14,0.5972222222222222,0.6666666666666666,0.6579378858024691
30min,tsfresh + LightGBM,lopo,bitki 15,0.8645833333333334,0.8528301886792453,0.9527391975308642
30min,tsfresh + LightGBM,yazar,bitki 0+12,0.8385416666666666,0.8452579034941764,0.9185715663580248
30min,tsfresh + LightGBM,rastgele,katman 0,0.907514450867052,0.9088319088319088,0.972376290554312
30min,tsfresh + LightGBM,rastgele,katman 1,0.934876989869754,0.935251798561151,0.9835972187316746
30min,tsfresh + LightGBM,rastgele,katman 2,0.9334298118668596,0.9344729344729344,0.9771634414006868
30min,tsfresh + LightGBM,rastgele,katman 3,0.9232995658465992,0.924822695035461,0.977615816369272
30min,tsfresh + LightGBM,rastgele,katman 4,0.9131693198263386,0.9150141643059492,0.9678646226019938
30min,MiniRocket,lopo,bitki 0,0.8888888888888888,0.8933333333333333,0.9602623456790124
30min,MiniRocket,lopo,bitki 1,0.5416666666666666,0.6,0.5553626543209877
30min,MiniRocket,lopo,bitki 2,0.8229166666666666,0.8316831683168316,0.9097704475308644
30min,MiniRocket,lopo,bitki 3,0.90625,0.8981132075471698,0.9820601851851852
30min,MiniRocket,lopo,bitki 8,0.7986111111111112,0.768,0.904079861111111
30min,MiniRocket,lopo,bitki 9,0.7881944444444444,0.7918088737201365,0.8383005401234567
30min,MiniRocket,lopo,bitki 10,0.6388888888888888,0.6,0.6967110339506173
30min,MiniRocket,lopo,bitki 11,0.6736111111111112,0.584070796460177,0.7604166666666666
30min,MiniRocket,lopo,bitki 12,0.78125,0.8096676737160121,0.8209876543209877
30min,MiniRocket,lopo,bitki 13,0.5243055555555556,0.5292096219931272,0.5361207561728395
30min,MiniRocket,lopo,bitki 14,0.6736111111111112,0.7267441860465116,0.7697241512345678
30min,MiniRocket,lopo,bitki 15,0.7361111111111112,0.75,0.8091724537037037
30min,MiniRocket,yazar,bitki 0+12,0.8333333333333334,0.85,0.8980637538580247
30min,MiniRocket,rastgele,katman 0,0.7716763005780347,0.7749287749287749,0.8566357045006516
30min,MiniRocket,rastgele,katman 1,0.7930535455861071,0.7988748241912799,0.8748429253581302
30min,MiniRocket,rastgele,katman 2,0.7858176555716353,0.7867435158501441,0.8621931808662143
30min,MiniRocket,rastgele,katman 3,0.7858176555716353,0.7879656160458453,0.8653514283320767
30min,MiniRocket,rastgele,katman 4,0.808972503617945,0.8092485549132948,0.8817123230292369
6h,kNN,lopo,bitki 0,0.34782608695652173,0.2857142857142857,0.2537878787878788
6h,kNN,lopo,bitki 1,0.5217391304347826,0.42105263157894735,0.6212121212121212
6h,kNN,lopo,bitki 2,0.4782608695652174,0.14285714285714285,0.40909090909090906
6h,kNN,lopo,bitki 3,0.5217391304347826,0.47619047619047616,0.6742424242424242
6h,kNN,lopo,bitki 8,0.34782608695652173,0.2857142857142857,0.49242424242424243
6h,kNN,lopo,bitki 9,0.6086956521739131,0.5263157894736842,0.5416666666666666
6h,kNN,lopo,bitki 10,0.6956521739130435,0.6956521739130435,0.7689393939393939
6h,kNN,lopo,bitki 11,0.782608695652174,0.7619047619047619,0.8068181818181819
6h,kNN,lopo,bitki 12,0.6521739130434783,0.6,0.7954545454545455
6h,kNN,lopo,bitki 13,0.5652173913043478,0.375,0.6477272727272727
6h,kNN,lopo,bitki 14,0.391304347826087,0.125,0.3939393939393939
6h,kNN,lopo,bitki 15,0.6086956521739131,0.5263157894736842,0.6893939393939394
6h,kNN,yazar,bitki 0+12,0.5217391304347826,0.45,0.5776515151515151
6h,kNN,rastgele,katman 0,0.5535714285714286,0.5454545454545454,0.5498084291187739
6h,kNN,rastgele,katman 1,0.6363636363636364,0.5454545454545454,0.6816976127320954
6h,kNN,rastgele,katman 2,0.6181818181818182,0.5333333333333333,0.6379310344827587
6h,kNN,rastgele,katman 3,0.5818181818181818,0.5106382978723404,0.6306366047745358
6h,kNN,rastgele,katman 4,0.5818181818181818,0.5306122448979592,0.6560846560846562
6h,Naive Bayes,lopo,bitki 0,0.7391304347826086,0.6666666666666666,0.731060606060606
6h,Naive Bayes,lopo,bitki 1,0.5217391304347826,0.35294117647058826,0.5492424242424243
6h,Naive Bayes,lopo,bitki 2,0.6086956521739131,0.47058823529411764,0.6136363636363635
6h,Naive Bayes,lopo,bitki 3,0.5652173913043478,0.375,0.5227272727272727
6h,Naive Bayes,lopo,bitki 8,0.5652173913043478,0.375,0.6666666666666666
6h,Naive Bayes,lopo,bitki 9,0.7391304347826086,0.625,0.7727272727272727
6h,Naive Bayes,lopo,bitki 10,0.6521739130434783,0.6,0.6287878787878789
6h,Naive Bayes,lopo,bitki 11,0.6521739130434783,0.6,0.6098484848484848
6h,Naive Bayes,lopo,bitki 12,0.8260869565217391,0.7777777777777778,0.8446969696969696
6h,Naive Bayes,lopo,bitki 13,0.5217391304347826,0.26666666666666666,0.5454545454545454
6h,Naive Bayes,lopo,bitki 14,0.5652173913043478,0.4444444444444444,0.46590909090909094
6h,Naive Bayes,lopo,bitki 15,0.5652173913043478,0.5454545454545454,0.587121212121212
6h,Naive Bayes,yazar,bitki 0+12,0.782608695652174,0.7222222222222222,0.7812499999999999
6h,Naive Bayes,rastgele,katman 0,0.6428571428571429,0.5652173913043478,0.6328224776500639
6h,Naive Bayes,rastgele,katman 1,0.6181818181818182,0.4878048780487805,0.610079575596817
6h,Naive Bayes,rastgele,katman 2,0.6181818181818182,0.5333333333333333,0.5941644562334217
6h,Naive Bayes,rastgele,katman 3,0.6,0.42105263157894735,0.6107427055702919
6h,Naive Bayes,rastgele,katman 4,0.6,0.56,0.5555555555555556
6h,tsfresh + LightGBM,lopo,bitki 0,0.9565217391304348,0.9523809523809523,1.0
6h,tsfresh + LightGBM,lopo,bitki 1,0.5652173913043478,0.4444444444444444,0.4469696969696969
6h,tsfresh + LightGBM,lopo,bitki 2,0.9565217391304348,0.9523809523809523,0.962121212121212
6h,tsfresh + LightGBM,lopo,bitki 3,0.9565217391304348,0.9565217391304348,1.0
6h,tsfresh + LightGBM,lopo,bitki 8,0.9130434782608695,0.9,0.9772727272727273
6h,tsfresh + LightGBM,lopo,bitki 9,0.9130434782608695,0.9090909090909091,0.9772727272727273
6h,tsfresh + LightGBM,lopo,bitki 10,0.9130434782608695,0.9,0.9924242424242424
6h,tsfresh + LightGBM,lopo,bitki 11,0.6521739130434783,0.42857142857142855,0.7954545454545455
6h,tsfresh + LightGBM,lopo,bitki 12,0.9565217391304348,0.9565217391304348,0.9924242424242424
6h,tsfresh + LightGBM,lopo,bitki 13,0.4782608695652174,0.4,0.4696969696969697
6h,tsfresh + LightGBM,lopo,bitki 14,0.6521739130434783,0.7142857142857143,0.8712121212121213
6h,tsfresh + LightGBM,lopo,bitki 15,0.8260869565217391,0.8,0.9166666666666667
6h,tsfresh + LightGBM,yazar,bitki 0+12,0.9565217391304348,0.9565217391304348,0.9962121212121212
6h,tsfresh + LightGBM,rastgele,katman 0,0.875,0.8679245283018868,0.9476372924648787
6h,tsfresh + LightGBM,rastgele,katman 1,0.7636363636363637,0.7346938775510204,0.8978779840848806
6h,tsfresh + LightGBM,rastgele,katman 2,0.8727272727272727,0.8679245283018868,0.9535809018567638
6h,tsfresh + LightGBM,rastgele,katman 3,0.9818181818181818,0.9811320754716981,1.0
6h,tsfresh + LightGBM,rastgele,katman 4,0.8,0.8,0.9431216931216931
6h,MiniRocket,lopo,bitki 0,1.0,1.0,1.0
6h,MiniRocket,lopo,bitki 1,0.6086956521739131,0.6086956521739131,0.6742424242424243
6h,MiniRocket,lopo,bitki 2,0.6521739130434783,0.7142857142857143,0.8863636363636364
6h,MiniRocket,lopo,bitki 3,1.0,1.0,1.0
6h,MiniRocket,lopo,bitki 8,0.782608695652174,0.7058823529411765,0.9848484848484849
6h,MiniRocket,lopo,bitki 9,0.8695652173913043,0.8695652173913043,0.9696969696969697
6h,MiniRocket,lopo,bitki 10,0.6521739130434783,0.6,0.7954545454545454
6h,MiniRocket,lopo,bitki 11,0.6086956521739131,0.3076923076923077,0.8181818181818182
6h,MiniRocket,lopo,bitki 12,0.8695652173913043,0.88,0.9848484848484849
6h,MiniRocket,lopo,bitki 13,0.4782608695652174,0.5,0.4621212121212121
6h,MiniRocket,lopo,bitki 14,0.782608695652174,0.8148148148148148,0.9242424242424243
6h,MiniRocket,lopo,bitki 15,0.8260869565217391,0.8333333333333334,0.9469696969696969
6h,MiniRocket,yazar,bitki 0+12,0.9130434782608695,0.9130434782608695,0.9791666666666667
6h,MiniRocket,rastgele,katman 0,0.7321428571428571,0.7169811320754716,0.8684546615581098
6h,MiniRocket,rastgele,katman 1,0.7636363636363637,0.7346938775510204,0.8448275862068966
6h,MiniRocket,rastgele,katman 2,0.8909090909090909,0.8888888888888888,0.9522546419098143
6h,MiniRocket,rastgele,katman 3,0.8,0.8,0.9058355437665783
6h,MiniRocket,rastgele,katman 4,0.7818181818181819,0.7857142857142857,0.8915343915343915
