plant_id,datetime_start,class,eksik_orani
8,2025-06-04 08:00:00,0,4.6296296296296294e-05
9,2025-06-04 08:00:00,0,4.6296296296296294e-05
8,2025-06-05 20:00:00,0,4.6296296296296294e-05
9,2025-06-05 20:00:00,0,4.6296296296296294e-05
8,2025-06-06 08:00:00,0,4.6296296296296294e-05
9,2025-06-06 08:00:00,0,4.6296296296296294e-05
8,2025-06-06 20:00:00,0,4.6296296296296294e-05
9,2025-06-06 20:00:00,0,4.6296296296296294e-05
8,2025-06-07 08:00:00,3,4.6296296296296294e-05
9,2025-06-07 08:00:00,3,4.6296296296296294e-05
8,2025-06-07 20:00:00,3,4.6296296296296294e-05
9,2025-06-07 20:00:00,3,4.6296296296296294e-05
8,2025-06-09 08:00:00,3,4.6296296296296294e-05
9,2025-06-09 08:00:00,3,4.6296296296296294e-05
8,2025-06-10 08:00:00,3,4.6296296296296294e-05
9,2025-06-10 08:00:00,3,4.6296296296296294e-05
8,2025-06-10 20:00:00,3,4.6296296296296294e-05
9,2025-06-10 20:00:00,3,4.6296296296296294e-05
8,2025-06-11 08:00:00,3,4.6296296296296294e-05
9,2025-06-11 08:00:00,3,4.6296296296296294e-05
8,2025-06-12 08:00:00,3,4.6296296296296294e-05
9,2025-06-12 08:00:00,3,4.6296296296296294e-05
8,2025-06-12 20:00:00,3,4.6296296296296294e-05
9,2025-06-12 20:00:00,3,4.6296296296296294e-05
8,2025-06-13 08:00:00,3,4.6296296296296294e-05
9,2025-06-13 08:00:00,3,4.6296296296296294e-05
8,2025-06-13 20:00:00,3,4.6296296296296294e-05
9,2025-06-13 20:00:00,3,4.6296296296296294e-05
8,2025-06-15 08:00:00,3,4.6296296296296294e-05
9,2025-06-15 08:00:00,3,4.6296296296296294e-05
8,2025-06-16 08:00:00,3,4.6296296296296294e-05
9,2025-06-16 08:00:00,3,4.6296296296296294e-05
8,2025-06-17 08:00:00,3,4.6296296296296294e-05
9,2025-06-17 08:00:00,3,4.6296296296296294e-05
8,2025-06-17 20:00:00,3,4.6296296296296294e-05
9,2025-06-17 20:00:00,3,4.6296296296296294e-05
8,2025-06-18 08:00:00,3,4.6296296296296294e-05
9,2025-06-18 08:00:00,3,4.6296296296296294e-05
8,2025-06-20 08:00:00,1,4.6296296296296294e-05
9,2025-06-20 08:00:00,1,4.6296296296296294e-05
8,2025-06-21 08:00:00,1,4.6296296296296294e-05
9,2025-06-21 08:00:00,1,4.6296296296296294e-05
8,2025-06-21 20:00:00,1,0.33611111111111114
9,2025-06-21 20:00:00,1,0.33611111111111114
10,2025-06-04 20:00:00,0,4.6296296296296294e-05
11,2025-06-04 20:00:00,0,4.6296296296296294e-05
10,2025-06-05 08:00:00,0,4.6296296296296294e-05
11,2025-06-05 08:00:00,0,4.6296296296296294e-05
10,2025-06-05 20:00:00,0,4.6296296296296294e-05
11,2025-06-05 20:00:00,0,4.6296296296296294e-05
10,2025-06-06 08:00:00,0,4.6296296296296294e-05
11,2025-06-06 08:00:00,0,4.6296296296296294e-05
10,2025-06-08 08:00:00,3,4.6296296296296294e-05
11,2025-06-08 08:00:00,3,4.6296296296296294e-05
10,2025-06-08 20:00:00,3,4.6296296296296294e-05
11,2025-06-08 20:00:00,3,4.6296296296296294e-05
10,2025-06-10 20:00:00,3,4.6296296296296294e-05
11,2025-06-10 20:00:00,3,4.6296296296296294e-05
10,2025-06-11 20:00:00,3,4.6296296296296294e-05
11,2025-06-11 20:00:00,3,4.6296296296296294e-05
10,2025-06-12 08:00:00,3,4.6296296296296294e-05
11,2025-06-12 08:00:00,3,4.6296296296296294e-05
10,2025-06-13 08:00:00,3,4.6296296296296294e-05
11,2025-06-13 08:00:00,3,4.6296296296296294e-05
10,2025-06-13 20:00:00,3,4.6296296296296294e-05
11,2025-06-13 20:00:00,3,4.6296296296296294e-05
10,2025-06-14 20:00:00,3,4.6296296296296294e-05
11,2025-06-14 20:00:00,3,4.6296296296296294e-05
10,2025-06-15 08:00:00,3,4.6296296296296294e-05
11,2025-06-15 08:00:00,3,4.6296296296296294e-05
10,2025-06-15 20:00:00,3,4.6296296296296294e-05
11,2025-06-15 20:00:00,3,4.6296296296296294e-05
10,2025-06-16 20:00:00,3,4.6296296296296294e-05
11,2025-06-16 20:00:00,3,4.6296296296296294e-05
10,2025-06-17 08:00:00,3,4.6296296296296294e-05
11,2025-06-17 08:00:00,3,4.6296296296296294e-05
10,2025-06-18 20:00:00,3,4.6296296296296294e-05
11,2025-06-18 20:00:00,3,4.6296296296296294e-05
10,2025-06-19 08:00:00,1,4.6296296296296294e-05
11,2025-06-19 08:00:00,1,4.6296296296296294e-05
10,2025-06-19 20:00:00,1,4.6296296296296294e-05
11,2025-06-19 20:00:00,1,4.6296296296296294e-05
10,2025-06-20 08:00:00,1,4.6296296296296294e-05
11,2025-06-20 08:00:00,1,4.6296296296296294e-05
10,2025-06-21 08:00:00,1,4.6296296296296294e-05
11,2025-06-21 08:00:00,1,4.6296296296296294e-05
10,2025-06-21 20:00:00,1,0.33611111111111114
11,2025-06-21 20:00:00,1,0.33611111111111114
12,2025-06-04 08:00:00,0,4.6296296296296294e-05
13,2025-06-04 08:00:00,0,4.6296296296296294e-05
12,2025-06-05 08:00:00,0,4.6296296296296294e-05
13,2025-06-05 08:00:00,0,4.6296296296296294e-05
12,2025-06-06 08:00:00,0,4.6296296296296294e-05
13,2025-06-06 08:00:00,0,4.6296296296296294e-05
12,2025-06-07 08:00:00,3,4.6296296296296294e-05
13,2025-06-07 08:00:00,3,4.6296296296296294e-05
12,2025-06-07 20:00:00,3,4.6296296296296294e-05
13,2025-06-07 20:00:00,3,4.6296296296296294e-05
12,2025-06-08 08:00:00,3,4.6296296296296294e-05
13,2025-06-08 08:00:00,3,4.6296296296296294e-05
12,2025-06-09 08:00:00,3,4.6296296296296294e-05
13,2025-06-09 08:00:00,3,4.6296296296296294e-05
12,2025-06-09 20:00:00,3,4.6296296296296294e-05
13,2025-06-09 20:00:00,3,4.6296296296296294e-05
12,2025-06-10 08:00:00,3,4.6296296296296294e-05
13,2025-06-10 08:00:00,3,4.6296296296296294e-05
12,2025-06-10 20:00:00,3,4.6296296296296294e-05
13,2025-06-10 20:00:00,3,4.6296296296296294e-05
12,2025-06-11 08:00:00,3,4.6296296296296294e-05
13,2025-06-11 08:00:00,3,4.6296296296296294e-05
12,2025-06-11 20:00:00,3,4.6296296296296294e-05
13,2025-06-11 20:00:00,3,4.6296296296296294e-05
12,2025-06-13 08:00:00,3,4.6296296296296294e-05
13,2025-06-13 08:00:00,3,4.6296296296296294e-05
12,2025-06-14 08:00:00,3,4.6296296296296294e-05
13,2025-06-14 08:00:00,3,4.6296296296296294e-05
12,2025-06-14 20:00:00,3,4.6296296296296294e-05
13,2025-06-14 20:00:00,3,4.6296296296296294e-05
12,2025-06-15 08:00:00,3,4.6296296296296294e-05
13,2025-06-15 08:00:00,3,4.6296296296296294e-05
12,2025-06-15 20:00:00,3,4.6296296296296294e-05
13,2025-06-15 20:00:00,3,4.6296296296296294e-05
12,2025-06-16 08:00:00,3,4.6296296296296294e-05
13,2025-06-16 08:00:00,3,4.6296296296296294e-05
12,2025-06-16 20:00:00,3,4.6296296296296294e-05
13,2025-06-16 20:00:00,3,4.6296296296296294e-05
12,2025-06-17 08:00:00,3,4.6296296296296294e-05
13,2025-06-17 08:00:00,3,4.6296296296296294e-05
12,2025-06-17 20:00:00,3,4.6296296296296294e-05
13,2025-06-17 20:00:00,3,4.6296296296296294e-05
12,2025-06-18 20:00:00,3,4.6296296296296294e-05
13,2025-06-18 20:00:00,3,4.6296296296296294e-05
12,2025-06-19 08:00:00,1,4.6296296296296294e-05
13,2025-06-19 08:00:00,1,4.6296296296296294e-05
12,2025-06-19 20:00:00,1,4.6296296296296294e-05
13,2025-06-19 20:00:00,1,4.6296296296296294e-05
12,2025-06-21 08:00:00,1,4.6296296296296294e-05
13,2025-06-21 08:00:00,1,4.6296296296296294e-05
12,2025-06-21 20:00:00,1,0.33611111111111114
13,2025-06-21 20:00:00,1,0.33611111111111114
14,2025-06-05 08:00:00,0,4.6296296296296294e-05
15,2025-06-05 08:00:00,0,4.6296296296296294e-05
14,2025-06-05 20:00:00,0,4.6296296296296294e-05
15,2025-06-05 20:00:00,0,4.6296296296296294e-05
14,2025-06-06 08:00:00,0,4.6296296296296294e-05
15,2025-06-06 08:00:00,0,4.6296296296296294e-05
14,2025-06-07 08:00:00,3,4.6296296296296294e-05
15,2025-06-07 08:00:00,3,4.6296296296296294e-05
14,2025-06-07 20:00:00,3,4.6296296296296294e-05
15,2025-06-07 20:00:00,3,4.6296296296296294e-05
14,2025-06-08 08:00:00,3,4.6296296296296294e-05
15,2025-06-08 08:00:00,3,4.6296296296296294e-05
14,2025-06-09 20:00:00,3,4.6296296296296294e-05
15,2025-06-09 20:00:00,3,4.6296296296296294e-05
14,2025-06-10 20:00:00,3,4.6296296296296294e-05
15,2025-06-10 20:00:00,3,4.6296296296296294e-05
14,2025-06-12 08:00:00,3,4.6296296296296294e-05
15,2025-06-12 08:00:00,3,4.6296296296296294e-05
14,2025-06-12 20:00:00,3,4.6296296296296294e-05
15,2025-06-12 20:00:00,3,4.6296296296296294e-05
14,2025-06-13 08:00:00,3,4.6296296296296294e-05
15,2025-06-13 08:00:00,3,4.6296296296296294e-05
14,2025-06-13 20:00:00,3,4.6296296296296294e-05
15,2025-06-13 20:00:00,3,4.6296296296296294e-05
14,2025-06-14 20:00:00,3,4.6296296296296294e-05
15,2025-06-14 20:00:00,3,4.6296296296296294e-05
14,2025-06-15 08:00:00,3,4.6296296296296294e-05
15,2025-06-15 08:00:00,3,4.6296296296296294e-05
14,2025-06-16 08:00:00,3,4.6296296296296294e-05
15,2025-06-16 08:00:00,3,4.6296296296296294e-05
14,2025-06-16 20:00:00,3,4.6296296296296294e-05
15,2025-06-16 20:00:00,3,4.6296296296296294e-05
14,2025-06-17 20:00:00,3,4.6296296296296294e-05
15,2025-06-17 20:00:00,3,4.6296296296296294e-05
14,2025-06-18 08:00:00,3,4.6296296296296294e-05
15,2025-06-18 08:00:00,3,4.6296296296296294e-05
14,2025-06-21 08:00:00,1,4.6296296296296294e-05
15,2025-06-21 08:00:00,1,4.6296296296296294e-05
14,2025-06-21 20:00:00,1,0.33611111111111114
15,2025-06-21 20:00:00,1,0.33611111111111114
0,2025-06-04 08:00:00,0,4.6296296296296294e-05
1,2025-06-04 08:00:00,0,4.6296296296296294e-05
0,2025-06-04 20:00:00,0,4.6296296296296294e-05
1,2025-06-04 20:00:00,0,4.6296296296296294e-05
0,2025-06-05 08:00:00,0,4.6296296296296294e-05
1,2025-06-05 08:00:00,0,4.6296296296296294e-05
0,2025-06-05 20:00:00,0,4.6296296296296294e-05
1,2025-06-05 20:00:00,0,4.6296296296296294e-05
0,2025-06-06 08:00:00,0,4.6296296296296294e-05
1,2025-06-06 08:00:00,0,4.6296296296296294e-05
0,2025-06-08 08:00:00,3,4.6296296296296294e-05
1,2025-06-08 08:00:00,3,4.6296296296296294e-05
0,2025-06-08 20:00:00,3,4.6296296296296294e-05
1,2025-06-08 20:00:00,3,4.6296296296296294e-05
0,2025-06-09 08:00:00,3,4.6296296296296294e-05
1,2025-06-09 08:00:00,3,4.6296296296296294e-05
0,2025-06-09 20:00:00,3,4.6296296296296294e-05
1,2025-06-09 20:00:00,3,4.6296296296296294e-05
0,2025-06-10 08:00:00,3,4.6296296296296294e-05
1,2025-06-10 08:00:00,3,4.6296296296296294e-05
0,2025-06-11 20:00:00,3,4.6296296296296294e-05
1,2025-06-11 20:00:00,3,4.6296296296296294e-05
0,2025-06-12 20:00:00,3,4.6296296296296294e-05
1,2025-06-12 20:00:00,3,4.6296296296296294e-05
0,2025-06-13 08:00:00,3,4.6296296296296294e-05
1,2025-06-13 08:00:00,3,4.6296296296296294e-05
0,2025-06-13 20:00:00,3,4.6296296296296294e-05
1,2025-06-13 20:00:00,3,4.6296296296296294e-05
0,2025-06-14 08:00:00,3,4.6296296296296294e-05
1,2025-06-14 08:00:00,3,4.6296296296296294e-05
0,2025-06-14 20:00:00,3,4.6296296296296294e-05
1,2025-06-14 20:00:00,3,4.6296296296296294e-05
0,2025-06-15 08:00:00,3,4.6296296296296294e-05
1,2025-06-15 08:00:00,3,4.6296296296296294e-05
0,2025-06-16 08:00:00,3,4.6296296296296294e-05
1,2025-06-16 08:00:00,3,4.6296296296296294e-05
0,2025-06-17 08:00:00,3,4.6296296296296294e-05
1,2025-06-17 08:00:00,3,4.6296296296296294e-05
0,2025-06-17 20:00:00,3,4.6296296296296294e-05
1,2025-06-17 20:00:00,3,4.6296296296296294e-05
0,2025-06-19 20:00:00,1,4.6296296296296294e-05
1,2025-06-19 20:00:00,1,4.6296296296296294e-05
0,2025-06-20 08:00:00,1,4.6296296296296294e-05
1,2025-06-20 08:00:00,1,4.6296296296296294e-05
0,2025-06-20 20:00:00,1,4.6296296296296294e-05
1,2025-06-20 20:00:00,1,4.6296296296296294e-05
0,2025-06-21 08:00:00,1,4.6296296296296294e-05
1,2025-06-21 08:00:00,1,4.6296296296296294e-05
0,2025-06-21 20:00:00,1,0.33611111111111114
1,2025-06-21 20:00:00,1,0.33611111111111114
2,2025-06-04 20:00:00,0,4.6296296296296294e-05
3,2025-06-04 20:00:00,0,4.6296296296296294e-05
2,2025-06-05 20:00:00,0,4.6296296296296294e-05
3,2025-06-05 20:00:00,0,4.6296296296296294e-05
2,2025-06-06 08:00:00,0,4.6296296296296294e-05
3,2025-06-06 08:00:00,0,4.6296296296296294e-05
2,2025-06-06 20:00:00,0,4.6296296296296294e-05
3,2025-06-06 20:00:00,0,4.6296296296296294e-05
2,2025-06-07 08:00:00,3,4.6296296296296294e-05
3,2025-06-07 08:00:00,3,4.6296296296296294e-05
2,2025-06-07 20:00:00,3,4.6296296296296294e-05
3,2025-06-07 20:00:00,3,4.6296296296296294e-05
2,2025-06-08 20:00:00,3,4.6296296296296294e-05
3,2025-06-08 20:00:00,3,4.6296296296296294e-05
2,2025-06-10 08:00:00,3,4.6296296296296294e-05
3,2025-06-10 08:00:00,3,4.6296296296296294e-05
2,2025-06-11 08:00:00,3,4.6296296296296294e-05
3,2025-06-11 08:00:00,3,4.6296296296296294e-05
2,2025-06-12 08:00:00,3,4.6296296296296294e-05
3,2025-06-12 08:00:00,3,4.6296296296296294e-05
2,2025-06-14 08:00:00,3,4.6296296296296294e-05
3,2025-06-14 08:00:00,3,4.6296296296296294e-05
2,2025-06-15 20:00:00,3,4.6296296296296294e-05
3,2025-06-15 20:00:00,3,4.6296296296296294e-05
2,2025-06-18 08:00:00,3,4.6296296296296294e-05
3,2025-06-18 08:00:00,3,4.6296296296296294e-05
2,2025-06-19 08:00:00,1,4.6296296296296294e-05
3,2025-06-19 08:00:00,1,4.6296296296296294e-05
2,2025-06-19 20:00:00,1,4.6296296296296294e-05
3,2025-06-19 20:00:00,1,4.6296296296296294e-05
2,2025-06-20 08:00:00,1,4.6296296296296294e-05
3,2025-06-20 08:00:00,1,4.6296296296296294e-05
2,2025-06-20 20:00:00,1,4.6296296296296294e-05
3,2025-06-20 20:00:00,1,4.6296296296296294e-05
2,2025-06-21 20:00:00,1,0.33611111111111114
3,2025-06-21 20:00:00,1,0.33611111111111114
4,2025-06-04 08:00:00,3,4.6296296296296294e-05
5,2025-06-04 08:00:00,3,4.6296296296296294e-05
4,2025-06-04 20:00:00,3,4.6296296296296294e-05
5,2025-06-04 20:00:00,3,4.6296296296296294e-05
4,2025-06-05 20:00:00,3,4.6296296296296294e-05
5,2025-06-05 20:00:00,3,4.6296296296296294e-05
4,2025-06-06 08:00:00,3,4.6296296296296294e-05
5,2025-06-06 08:00:00,3,4.6296296296296294e-05
4,2025-06-07 08:00:00,3,4.6296296296296294e-05
5,2025-06-07 08:00:00,3,4.6296296296296294e-05
4,2025-06-08 08:00:00,3,4.6296296296296294e-05
5,2025-06-08 08:00:00,3,4.6296296296296294e-05
4,2025-06-09 20:00:00,3,4.6296296296296294e-05
5,2025-06-09 20:00:00,3,4.6296296296296294e-05
4,2025-06-12 08:00:00,3,4.6296296296296294e-05
5,2025-06-12 08:00:00,3,4.6296296296296294e-05
4,2025-06-12 20:00:00,3,4.6296296296296294e-05
5,2025-06-12 20:00:00,3,4.6296296296296294e-05
4,2025-06-13 08:00:00,3,4.6296296296296294e-05
5,2025-06-13 08:00:00,3,4.6296296296296294e-05
4,2025-06-13 20:00:00,3,4.6296296296296294e-05
5,2025-06-13 20:00:00,3,4.6296296296296294e-05
4,2025-06-14 08:00:00,3,4.6296296296296294e-05
5,2025-06-14 08:00:00,3,4.6296296296296294e-05
4,2025-06-14 20:00:00,3,4.6296296296296294e-05
5,2025-06-14 20:00:00,3,4.6296296296296294e-05
4,2025-06-15 08:00:00,3,4.6296296296296294e-05
5,2025-06-15 08:00:00,3,4.6296296296296294e-05
4,2025-06-16 08:00:00,3,4.6296296296296294e-05
5,2025-06-16 08:00:00,3,4.6296296296296294e-05
4,2025-06-16 20:00:00,3,4.6296296296296294e-05
5,2025-06-16 20:00:00,3,4.6296296296296294e-05
4,2025-06-17 08:00:00,3,4.6296296296296294e-05
5,2025-06-17 08:00:00,3,4.6296296296296294e-05
4,2025-06-17 20:00:00,3,4.6296296296296294e-05
5,2025-06-17 20:00:00,3,4.6296296296296294e-05
4,2025-06-18 08:00:00,3,4.6296296296296294e-05
5,2025-06-18 08:00:00,3,4.6296296296296294e-05
4,2025-06-18 20:00:00,3,4.6296296296296294e-05
5,2025-06-18 20:00:00,3,4.6296296296296294e-05
4,2025-06-19 20:00:00,3,4.6296296296296294e-05
5,2025-06-19 20:00:00,3,4.6296296296296294e-05
4,2025-06-20 08:00:00,3,4.6296296296296294e-05
5,2025-06-20 08:00:00,3,4.6296296296296294e-05
4,2025-06-20 20:00:00,3,4.6296296296296294e-05
5,2025-06-20 20:00:00,3,4.6296296296296294e-05
4,2025-06-21 20:00:00,3,0.33611111111111114
5,2025-06-21 20:00:00,3,0.33611111111111114
6,2025-06-04 08:00:00,3,4.6296296296296294e-05
7,2025-06-04 08:00:00,3,4.6296296296296294e-05
6,2025-06-05 08:00:00,3,0.0023148148148148147
7,2025-06-05 08:00:00,3,0.0023148148148148147
6,2025-06-05 20:00:00,3,4.6296296296296294e-05
7,2025-06-05 20:00:00,3,4.6296296296296294e-05
6,2025-06-06 08:00:00,3,4.6296296296296294e-05
7,2025-06-06 08:00:00,3,4.6296296296296294e-05
6,2025-06-07 08:00:00,3,4.6296296296296294e-05
7,2025-06-07 08:00:00,3,4.6296296296296294e-05
6,2025-06-07 20:00:00,3,0.0020833333333333333
7,2025-06-07 20:00:00,3,0.0020833333333333333
6,2025-06-09 08:00:00,3,4.6296296296296294e-05
7,2025-06-09 08:00:00,3,4.6296296296296294e-05
6,2025-06-09 20:00:00,3,4.6296296296296294e-05
7,2025-06-09 20:00:00,3,4.6296296296296294e-05
6,2025-06-10 08:00:00,3,4.6296296296296294e-05
7,2025-06-10 08:00:00,3,4.6296296296296294e-05
6,2025-06-10 20:00:00,3,4.6296296296296294e-05
7,2025-06-10 20:00:00,3,4.6296296296296294e-05
6,2025-06-11 08:00:00,3,4.6296296296296294e-05
7,2025-06-11 08:00:00,3,4.6296296296296294e-05
6,2025-06-11 20:00:00,3,0.004814814814814815
7,2025-06-11 20:00:00,3,0.004814814814814815
6,2025-06-12 20:00:00,3,4.6296296296296294e-05
7,2025-06-12 20:00:00,3,4.6296296296296294e-05
6,2025-06-13 20:00:00,3,4.6296296296296294e-05
7,2025-06-13 20:00:00,3,4.6296296296296294e-05
6,2025-06-14 08:00:00,3,4.6296296296296294e-05
7,2025-06-14 08:00:00,3,4.6296296296296294e-05
6,2025-06-14 20:00:00,3,4.6296296296296294e-05
7,2025-06-14 20:00:00,3,4.6296296296296294e-05
6,2025-06-15 08:00:00,3,4.6296296296296294e-05
7,2025-06-15 08:00:00,3,4.6296296296296294e-05
6,2025-06-15 20:00:00,3,4.6296296296296294e-05
7,2025-06-15 20:00:00,3,4.6296296296296294e-05
6,2025-06-16 20:00:00,3,4.6296296296296294e-05
7,2025-06-16 20:00:00,3,4.6296296296296294e-05
6,2025-06-17 08:00:00,3,4.6296296296296294e-05
7,2025-06-17 08:00:00,3,4.6296296296296294e-05
6,2025-06-17 20:00:00,3,4.6296296296296294e-05
7,2025-06-17 20:00:00,3,4.6296296296296294e-05
6,2025-06-18 20:00:00,3,4.6296296296296294e-05
7,2025-06-18 20:00:00,3,4.6296296296296294e-05
6,2025-06-19 20:00:00,3,4.6296296296296294e-05
7,2025-06-19 20:00:00,3,4.6296296296296294e-05
6,2025-06-20 20:00:00,3,4.6296296296296294e-05
7,2025-06-20 20:00:00,3,4.6296296296296294e-05
6,2025-06-21 08:00:00,3,4.6296296296296294e-05
7,2025-06-21 08:00:00,3,4.6296296296296294e-05
6,2025-06-21 20:00:00,3,0.33611111111111114
7,2025-06-21 20:00:00,3,0.33611111111111114
