plant_id,node,kanal,saat,eksik_ort,duz_ort,duz_yuksek_saat,sicrama_toplam,std_medyan,std_maks,aralik_maks,eksik_saat,grup
0,PN2,CH1,432,0.0001,0.0007,0,19904,0.7311,28.3556,410.3569,10,sulama
1,PN2,CH2,432,0.0001,0.0386,0,37239,0.9795,95.1827,640.9264,10,sulama
2,PN5,CH1,432,0.0,0.0003,0,29255,0.9798,71.4767,499.2784,14,sulama
3,PN5,CH2,432,0.0,0.0002,0,402,0.8369,16.8904,449.5927,14,sulama
4,PN8,CH1,432,0.0001,0.0004,0,207618,2.0241,72.3899,357.9115,11,kontrol
5,PN8,CH2,432,0.0001,0.1795,2,30329,0.8039,24.2451,390.6345,11,kontrol
6,PN9,CH1,432,0.0002,0.0007,0,52357,0.8143,14.4427,236.0905,16,kontrol
7,PN9,CH2,432,0.0002,0.2435,40,10389,0.8906,16.3858,127.4623,16,kontrol
8,PN10,CH1,432,0.0001,0.0003,0,3138,1.3232,24.8751,132.6091,10,sulama
9,PN10,CH2,432,0.0001,0.0666,0,34427,0.8953,19.6395,167.5606,10,sulama
10,PN11,CH1,432,0.0001,0.0004,0,14069,0.9207,16.5855,164.5937,14,sulama
11,PN11,CH2,432,0.0001,0.0004,0,14463,1.3489,10.1104,223.1275,14,sulama
12,PN12,CH1,432,0.0001,0.0002,0,12361,1.1405,113.8239,386.7026,11,sulama
13,PN12,CH2,432,0.0001,0.0686,0,401408,2.1593,88.5962,445.633,11,sulama
14,PN16,CH1,432,0.0001,0.0003,0,18493,1.1801,60.4867,327.9478,12,sulama
15,PN16,CH2,432,0.0001,0.0856,0,10199,0.9935,47.7952,159.4544,12,sulama
