pencere,grup,bitki,n,dogruluk,f1,auc
1h,kontrol,4,144,0.7847222222222222,0.7891156462585034,0.8331404320987655
1h,kontrol,5,144,0.5,0.6666666666666666,0.5297067901234569
1h,kontrol,6,144,0.8402777777777778,0.8345323741007195,0.9118441358024691
1h,kontrol,7,144,0.4236111111111111,0.04597701149425287,0.3246527777777778
1h,sulama,0,144,0.9444444444444444,0.9411764705882353,0.9959490740740741
1h,sulama,1,144,0.5972222222222222,0.5084745762711864,0.6132330246913581
1h,sulama,2,144,0.7152777777777778,0.616822429906542,0.8904320987654322
1h,sulama,3,144,0.8125,0.8421052631578947,0.9801311728395061
1h,sulama,8,144,0.7430555555555556,0.6782608695652174,0.8678626543209876
1h,sulama,9,144,0.7083333333333334,0.7307692307692307,0.7393904320987654
1h,sulama,10,144,0.7361111111111112,0.7121212121212122,0.8188657407407407
1h,sulama,11,144,0.6944444444444444,0.5849056603773585,0.7966820987654321
1h,sulama,12,144,0.7916666666666666,0.810126582278481,0.8929398148148149
1h,sulama,13,144,0.5694444444444444,0.42592592592592593,0.5260416666666667
1h,sulama,14,144,0.5763888888888888,0.6432748538011696,0.6184413580246915
1h,sulama,15,144,0.8541666666666666,0.8444444444444444,0.945408950617284
30min,kontrol,4,288,0.4652777777777778,0.3063063063063063,0.5238715277777778
30min,kontrol,5,288,0.5,0.6666666666666666,0.3329957561728395
30min,kontrol,6,288,0.7638888888888888,0.7424242424242424,0.8432677469135802
30min,kontrol,7,288,0.4027777777777778,0.054945054945054944,0.271508487654321
30min,sulama,0,288,0.9131944444444444,0.9056603773584906,0.9906442901234568
30min,sulama,1,288,0.6006944444444444,0.5147679324894515,0.6158371913580247
30min,sulama,2,288,0.6354166666666666,0.4385026737967914,0.8642457561728395
30min,sulama,3,288,0.8020833333333334,0.8338192419825073,0.953269675925926
30min,sulama,8,288,0.7152777777777778,0.652542372881356,0.8174189814814816
30min,sulama,9,288,0.6909722222222222,0.6962457337883959,0.7309027777777777
30min,sulama,10,288,0.6701388888888888,0.652014652014652,0.7825038580246912
30min,sulama,11,288,0.7013888888888888,0.6293103448275862,0.8049768518518519
30min,sulama,12,288,0.75,0.7857142857142857,0.8616415895061729
30min,sulama,13,288,0.5243055555555556,0.3444976076555024,0.4789255401234568
30min,sulama,14,288,0.5972222222222222,0.6666666666666666,0.6579378858024691
30min,sulama,15,288,0.8645833333333334,0.8528301886792453,0.9527391975308642
