,,dogruluk,dogruluk,f1,f1,auc,auc
,,mean,std,mean,std,mean,std
pencere,grup,,,,,,
1h,aktarim,0.639,0.126,0.417,0.326,0.815,0.053
1h,kontrol,0.635,0.203,0.584,0.366,0.645,0.285
1h,sulama,0.734,0.109,0.703,0.143,0.802,0.159
30min,aktarim,0.611,0.121,0.358,0.349,0.779,0.053
30min,kontrol,0.542,0.154,0.457,0.313,0.516,0.252
30min,sulama,0.704,0.119,0.659,0.178,0.79,0.155
6h,aktarim,0.652,0.137,0.434,0.349,0.811,0.155
6h,kontrol,0.641,0.228,0.557,0.402,0.756,0.206
6h,sulama,0.812,0.175,0.776,0.224,0.867,0.2
