kol,bitki,dogruluk,f1,auc,en_iyi_epoch,n_test
ekg,0,0.9565217391304348,0.9565217391304348,0.9772727272727273,11,23
ekg,1,0.782608695652174,0.7368421052631579,0.8409090909090907,10,23
ekg,2,0.7391304347826086,0.75,0.8181818181818181,12,23
ekg,3,0.7391304347826086,0.75,0.9166666666666667,12,23
ekg,8,0.782608695652174,0.7368421052631579,0.9242424242424243,6,23
ekg,9,0.6956521739130435,0.5333333333333333,0.8863636363636364,2,23
ekg,10,0.6956521739130435,0.6956521739130435,0.7272727272727273,9,23
ekg,11,0.391304347826087,0.2222222222222222,0.4090909090909091,1,23
ekg,12,0.782608695652174,0.8148148148148148,0.8939393939393938,2,23
ekg,13,0.7391304347826086,0.75,0.8560606060606061,13,23
ekg,14,0.782608695652174,0.782608695652174,0.8863636363636365,12,23
ekg,15,0.8695652173913043,0.8695652173913043,0.9696969696969697,14,23
rastgele,0,0.6086956521739131,0.47058823529411764,0.7651515151515151,8,23
rastgele,1,0.5217391304347826,0.42105263157894735,0.7196969696969697,12,23
rastgele,2,0.5217391304347826,0.0,0.6363636363636364,5,23
rastgele,3,0.5217391304347826,0.0,0.9545454545454546,3,23
rastgele,8,0.6956521739130435,0.631578947368421,0.8257575757575757,12,23
rastgele,9,0.6086956521739131,0.47058823529411764,0.6060606060606061,11,23
rastgele,10,0.6956521739130435,0.6666666666666666,0.6666666666666666,9,23
rastgele,11,0.5652173913043478,0.6428571428571429,0.5606060606060606,6,23
rastgele,12,0.7391304347826086,0.7272727272727273,0.8560606060606061,14,23
rastgele,13,0.6956521739130435,0.6956521739130435,0.7651515151515151,12,23
rastgele,14,0.6086956521739131,0.5714285714285714,0.5909090909090908,14,23
rastgele,15,0.6521739130434783,0.6666666666666666,0.75,5,23
ekg_dapt,0,0.9130434782608695,0.9166666666666666,0.9545454545454546,14,23
ekg_dapt,1,0.782608695652174,0.7619047619047619,0.8333333333333334,11,23
ekg_dapt,2,0.9130434782608695,0.9090909090909091,0.946969696969697,9,23
ekg_dapt,3,0.8695652173913043,0.8695652173913043,0.9772727272727273,13,23
ekg_dapt,8,0.6956521739130435,0.631578947368421,0.9090909090909091,2,23
ekg_dapt,9,0.7391304347826086,0.6666666666666666,0.9090909090909091,2,23
ekg_dapt,10,0.5217391304347826,0.35294117647058826,0.5909090909090908,11,23
ekg_dapt,11,0.43478260869565216,0.13333333333333333,0.4621212121212121,4,23
ekg_dapt,12,0.8260869565217391,0.8333333333333334,0.8787878787878788,4,23
ekg_dapt,13,0.6521739130434783,0.6923076923076923,0.8257575757575758,13,23
ekg_dapt,14,0.8695652173913043,0.8571428571428571,0.8484848484848485,10,23
ekg_dapt,15,0.9130434782608695,0.9,0.9772727272727273,9,23
rastgele_dapt,0,0.6086956521739131,0.5714285714285714,0.7348484848484849,4,23
rastgele_dapt,1,0.6086956521739131,0.47058823529411764,0.712121212121212,9,23
rastgele_dapt,2,0.6521739130434783,0.6923076923076923,0.7651515151515151,7,23
rastgele_dapt,3,0.8695652173913043,0.8421052631578947,0.9848484848484849,4,23
rastgele_dapt,8,0.7391304347826086,0.7,0.7196969696969696,4,23
rastgele_dapt,9,0.6521739130434783,0.5,0.6818181818181819,12,23
rastgele_dapt,10,0.5652173913043478,0.5833333333333334,0.587121212121212,4,23
rastgele_dapt,11,0.43478260869565216,0.13333333333333333,0.6212121212121212,1,23
rastgele_dapt,12,0.8260869565217391,0.8181818181818182,0.8409090909090908,11,23
rastgele_dapt,13,0.7391304347826086,0.7857142857142857,0.8484848484848484,11,23
rastgele_dapt,14,0.5217391304347826,0.56,0.5378787878787878,3,23
rastgele_dapt,15,0.7391304347826086,0.7,0.7803030303030304,12,23
