bolme,katman,dogruluk,f1,auc,kol
lopo,bitki 0,1.0,1.0,1.0,ekg
lopo,bitki 1,0.782608695652174,0.7619047619047619,0.8636363636363636,ekg
lopo,bitki 2,0.6956521739130435,0.7407407407407407,0.8409090909090909,ekg
lopo,bitki 3,0.8260869565217391,0.8333333333333334,0.9545454545454546,ekg
lopo,bitki 8,0.8260869565217391,0.8,0.9318181818181818,ekg
lopo,bitki 9,0.8260869565217391,0.8,0.8636363636363635,ekg
lopo,bitki 10,0.6521739130434783,0.5555555555555556,0.8636363636363638,ekg
lopo,bitki 11,0.4782608695652174,0.25,0.6060606060606061,ekg
lopo,bitki 12,0.8695652173913043,0.8695652173913043,0.9393939393939394,ekg
lopo,bitki 13,0.7391304347826086,0.7692307692307693,0.8636363636363636,ekg
lopo,bitki 14,0.782608695652174,0.782608695652174,0.9242424242424243,ekg
lopo,bitki 15,0.8695652173913043,0.8571428571428571,0.9545454545454546,ekg
yazar,bitki 0+12,0.9347826086956522,0.9333333333333333,0.9810606060606061,ekg
rastgele,katman 0,0.7678571428571429,0.7346938775510204,0.8748403575989783,ekg
rastgele,katman 1,0.8727272727272727,0.8679245283018868,0.9045092838196287,ekg
rastgele,katman 2,0.8909090909090909,0.8928571428571429,0.960212201591512,ekg
rastgele,katman 3,0.9090909090909091,0.9090909090909091,0.9416445623342176,ekg
rastgele,katman 4,0.7454545454545455,0.7407407407407407,0.8505291005291006,ekg
lopo,bitki 0,0.9565217391304348,0.9565217391304348,0.9393939393939393,rastgele
lopo,bitki 1,0.6956521739130435,0.5882352941176471,0.75,rastgele
lopo,bitki 2,0.8695652173913043,0.8695652173913043,0.909090909090909,rastgele
lopo,bitki 3,0.9565217391304348,0.9523809523809523,0.9696969696969697,rastgele
lopo,bitki 8,0.7391304347826086,0.7,0.9090909090909091,rastgele
lopo,bitki 9,0.5217391304347826,0.35294117647058826,0.5757575757575757,rastgele
lopo,bitki 10,0.6521739130434783,0.6666666666666666,0.7651515151515151,rastgele
lopo,bitki 11,0.4782608695652174,0.25,0.5530303030303031,rastgele
lopo,bitki 12,0.782608695652174,0.782608695652174,0.8484848484848485,rastgele
lopo,bitki 13,0.6521739130434783,0.6666666666666666,0.803030303030303,rastgele
lopo,bitki 14,0.6521739130434783,0.6363636363636364,0.6666666666666666,rastgele
lopo,bitki 15,0.782608695652174,0.782608695652174,0.9393939393939394,rastgele
yazar,bitki 0+12,0.8260869565217391,0.8260869565217391,0.8882575757575758,rastgele
rastgele,katman 0,0.7142857142857143,0.6923076923076923,0.7369093231162196,rastgele
rastgele,katman 1,0.7818181818181819,0.76,0.8541114058355438,rastgele
rastgele,katman 2,0.7818181818181819,0.76,0.7957559681697612,rastgele
rastgele,katman 3,0.6909090909090909,0.6530612244897959,0.7758620689655172,rastgele
rastgele,katman 4,0.7272727272727273,0.7272727272727273,0.8373015873015873,rastgele
lopo,bitki 0,0.9130434782608695,0.9166666666666666,0.9772727272727273,ekg_dapt
lopo,bitki 1,0.782608695652174,0.7619047619047619,0.8106060606060604,ekg_dapt
lopo,bitki 2,0.6956521739130435,0.7407407407407407,0.8560606060606061,ekg_dapt
lopo,bitki 3,0.8260869565217391,0.8181818181818182,0.9318181818181818,ekg_dapt
lopo,bitki 8,0.8260869565217391,0.8,0.9090909090909091,ekg_dapt
lopo,bitki 9,0.6956521739130435,0.5882352941176471,0.7878787878787878,ekg_dapt
lopo,bitki 10,0.7391304347826086,0.7,0.8787878787878788,ekg_dapt
lopo,bitki 11,0.5652173913043478,0.5,0.6590909090909091,ekg_dapt
lopo,bitki 12,0.9130434782608695,0.9166666666666666,0.8863636363636364,ekg_dapt
lopo,bitki 13,0.8260869565217391,0.8333333333333334,0.8863636363636362,ekg_dapt
lopo,bitki 14,0.9130434782608695,0.9090909090909091,0.9924242424242424,ekg_dapt
lopo,bitki 15,0.8695652173913043,0.8571428571428571,0.9621212121212122,ekg_dapt
yazar,bitki 0+12,0.8913043478260869,0.8936170212765957,0.9412878787878788,ekg_dapt
rastgele,katman 0,0.7857142857142857,0.76,0.8582375478927203,ekg_dapt
rastgele,katman 1,0.8363636363636363,0.8085106382978723,0.8912466843501325,ekg_dapt
rastgele,katman 2,0.9272727272727272,0.9259259259259259,0.9655172413793104,ekg_dapt
rastgele,katman 3,0.8363636363636363,0.8301886792452831,0.9151193633952255,ekg_dapt
rastgele,katman 4,0.7818181818181819,0.7931034482758621,0.861111111111111,ekg_dapt
lopo,bitki 0,0.9565217391304348,0.9565217391304348,0.9696969696969696,rastgele_dapt
lopo,bitki 1,0.6956521739130435,0.631578947368421,0.6363636363636364,rastgele_dapt
lopo,bitki 2,0.7391304347826086,0.75,0.9242424242424242,rastgele_dapt
lopo,bitki 3,0.8260869565217391,0.8333333333333334,0.9393939393939392,rastgele_dapt
lopo,bitki 8,0.7391304347826086,0.7,0.8181818181818181,rastgele_dapt
lopo,bitki 9,0.5217391304347826,0.35294117647058826,0.606060606060606,rastgele_dapt
lopo,bitki 10,0.6086956521739131,0.64,0.7121212121212122,rastgele_dapt
lopo,bitki 11,0.6521739130434783,0.5555555555555556,0.5681818181818181,rastgele_dapt
lopo,bitki 12,0.8695652173913043,0.8695652173913043,0.8712121212121211,rastgele_dapt
lopo,bitki 13,0.7391304347826086,0.7692307692307693,0.9090909090909091,rastgele_dapt
lopo,bitki 14,0.6086956521739131,0.5714285714285714,0.6287878787878788,rastgele_dapt
lopo,bitki 15,0.8260869565217391,0.8,0.9242424242424242,rastgele_dapt
yazar,bitki 0+12,0.8695652173913043,0.8636363636363636,0.9034090909090909,rastgele_dapt
rastgele,katman 0,0.6428571428571429,0.6,0.7509578544061303,rastgele_dapt
rastgele,katman 1,0.7636363636363637,0.7346938775510204,0.8289124668435013,rastgele_dapt
rastgele,katman 2,0.7272727272727273,0.6938775510204082,0.819628647214854,rastgele_dapt
rastgele,katman 3,0.7090909090909091,0.7241379310344828,0.8183023872679045,rastgele_dapt
rastgele,katman 4,0.7272727272727273,0.7272727272727273,0.8201058201058201,rastgele_dapt
