deney,bitki,dogruluk,f1,auc,en_iyi_epoch
onceden_egitilmis,0,0.9097222222222222,0.9161290322580645,0.9851466049382716,8
onceden_egitilmis,1,0.5208333333333334,0.5605095541401274,0.5459104938271604,10
onceden_egitilmis,2,0.6388888888888888,0.46938775510204084,0.8427854938271606,3
onceden_egitilmis,3,0.8611111111111112,0.8666666666666667,0.9341242283950617,1
onceden_egitilmis,8,0.8263888888888888,0.8,0.9135802469135803,2
onceden_egitilmis,9,0.6388888888888888,0.5272727272727272,0.7336998456790123,5
onceden_egitilmis,10,0.6666666666666666,0.6521739130434783,0.683641975308642,9
onceden_egitilmis,11,0.6111111111111112,0.45098039215686275,0.752025462962963,9
onceden_egitilmis,12,0.8055555555555556,0.8227848101265823,0.8739390432098766,5
onceden_egitilmis,13,0.5555555555555556,0.6,0.5969328703703703,12
onceden_egitilmis,14,0.6875,0.7133757961783439,0.7432484567901234,7
onceden_egitilmis,15,0.7777777777777778,0.7746478873239436,0.8620756172839507,12
rastgele_baslatilmis,0,0.875,0.8615384615384616,0.9660493827160493,13
rastgele_baslatilmis,1,0.5625,0.3076923076923077,0.6126543209876544,0
rastgele_baslatilmis,2,0.6805555555555556,0.7160493827160493,0.7751736111111112,11
rastgele_baslatilmis,3,0.8680555555555556,0.8707482993197279,0.9301697530864198,10
rastgele_baslatilmis,8,0.7847222222222222,0.7304347826086957,0.8966049382716049,9
rastgele_baslatilmis,9,0.7083333333333334,0.7,0.7957175925925926,13
rastgele_baslatilmis,10,0.5625,0.4,0.6479552469135802,12
rastgele_baslatilmis,11,0.5555555555555556,0.2727272727272727,0.5931712962962964,7
rastgele_baslatilmis,12,0.7986111111111112,0.8284023668639053,0.8803047839506173,4
rastgele_baslatilmis,13,0.6388888888888888,0.6829268292682927,0.5869984567901234,13
rastgele_baslatilmis,14,0.6527777777777778,0.7159090909090909,0.7403549382716049,9
rastgele_baslatilmis,15,0.7569444444444444,0.7407407407407407,0.8404706790123457,9
