bolme,katman,dogruluk,f1,auc,model
lopo,bitki 0,0.8888888888888888,0.8904109589041096,0.949074074074074,onceden_egitilmis
lopo,bitki 1,0.5138888888888888,0.5138888888888888,0.5657793209876543,onceden_egitilmis
lopo,bitki 2,0.6388888888888888,0.7078651685393258,0.7849151234567903,onceden_egitilmis
lopo,bitki 3,0.7222222222222222,0.7297297297297297,0.7606095679012346,onceden_egitilmis
lopo,bitki 8,0.7638888888888888,0.7258064516129032,0.8501157407407408,onceden_egitilmis
lopo,bitki 9,0.5972222222222222,0.5857142857142857,0.6635802469135802,onceden_egitilmis
lopo,bitki 10,0.625,0.55,0.7019675925925926,onceden_egitilmis
lopo,bitki 11,0.5972222222222222,0.46296296296296297,0.6998456790123457,onceden_egitilmis
lopo,bitki 12,0.7083333333333334,0.7123287671232876,0.8366126543209876,onceden_egitilmis
lopo,bitki 13,0.4236111111111111,0.41134751773049644,0.41570216049382713,onceden_egitilmis
lopo,bitki 14,0.6388888888888888,0.6829268292682927,0.7280092592592593,onceden_egitilmis
lopo,bitki 15,0.6597222222222222,0.6666666666666666,0.7824074074074074,onceden_egitilmis
yazar,bitki 0+12,0.7916666666666666,0.8,0.8935667438271606,onceden_egitilmis
rastgele,katman 0,0.7341040462427746,0.7401129943502824,0.8003274416118146,onceden_egitilmis
rastgele,katman 1,0.7196531791907514,0.7069486404833837,0.8044037555548131,onceden_egitilmis
rastgele,katman 2,0.708092485549133,0.7020648967551623,0.800895452571085,onceden_egitilmis
rastgele,katman 3,0.7275362318840579,0.7267441860465116,0.8025608280682888,onceden_egitilmis
rastgele,katman 4,0.6956521739130435,0.6884272997032641,0.7879083210108886,onceden_egitilmis
lopo,bitki 0,0.875,0.875,0.9500385802469136,rastgele_baslatilmis
lopo,bitki 1,0.6180555555555556,0.6099290780141844,0.6398533950617284,rastgele_baslatilmis
lopo,bitki 2,0.6388888888888888,0.675,0.7644675925925924,rastgele_baslatilmis
lopo,bitki 3,0.8125,0.8163265306122449,0.8977623456790124,rastgele_baslatilmis
lopo,bitki 8,0.7708333333333334,0.717948717948718,0.9074074074074076,rastgele_baslatilmis
lopo,bitki 9,0.7291666666666666,0.7310344827586207,0.798804012345679,rastgele_baslatilmis
lopo,bitki 10,0.6388888888888888,0.543859649122807,0.7060185185185185,rastgele_baslatilmis
lopo,bitki 11,0.6319444444444444,0.4421052631578947,0.7077546296296297,rastgele_baslatilmis
lopo,bitki 12,0.6944444444444444,0.6944444444444444,0.7301311728395062,rastgele_baslatilmis
lopo,bitki 13,0.625,0.6707317073170732,0.5590277777777777,rastgele_baslatilmis
lopo,bitki 14,0.6180555555555556,0.6496815286624203,0.7040895061728395,rastgele_baslatilmis
lopo,bitki 15,0.75,0.7428571428571429,0.8337191358024691,rastgele_baslatilmis
yazar,bitki 0+12,0.7881944444444444,0.7874564459930313,0.8431230709876543,rastgele_baslatilmis
rastgele,katman 0,0.7167630057803468,0.711764705882353,0.7872297771392296,rastgele_baslatilmis
rastgele,katman 1,0.7167630057803468,0.689873417721519,0.8046376424203948,rastgele_baslatilmis
rastgele,katman 2,0.708092485549133,0.7020648967551623,0.7974539744060943,rastgele_baslatilmis
rastgele,katman 3,0.7739130434782608,0.7705882352941177,0.8361338889635704,rastgele_baslatilmis
rastgele,katman 4,0.7884057971014493,0.7859237536656891,0.8358650356230676,rastgele_baslatilmis
