test,bitki,dogruluk,auc,kol
stres,0,1.0,1.0,ekg
stres,1,0.782608695652174,0.8636363636363636,ekg
stres,2,0.6956521739130435,0.8409090909090909,ekg
stres,3,0.8260869565217391,0.9545454545454546,ekg
stres,8,0.8260869565217391,0.9318181818181818,ekg
stres,9,0.8260869565217391,0.8636363636363635,ekg
stres,10,0.6521739130434783,0.8636363636363638,ekg
stres,11,0.4782608695652174,0.6060606060606061,ekg
stres,12,0.8695652173913043,0.9393939393939394,ekg
stres,13,0.7391304347826086,0.8636363636363636,ekg
stres,14,0.782608695652174,0.9242424242424243,ekg
stres,15,0.8695652173913043,0.9545454545454546,ekg
kontrol,4,0.8260869565217391,0.9393939393939393,ekg
kontrol,5,0.8695652173913043,0.9621212121212122,ekg
kontrol,6,0.8260869565217391,0.9696969696969697,ekg
kontrol,7,0.782608695652174,0.9166666666666667,ekg
aktarim,4,0.7391304347826086,0.7575757575757577,ekg
aktarim,5,0.6956521739130435,0.7575757575757575,ekg
aktarim,6,0.8260869565217391,0.8712121212121212,ekg
aktarim,7,0.782608695652174,0.9090909090909092,ekg
stres,0,0.9130434782608695,0.9545454545454546,rastgele_t1
stres,1,0.6086956521739131,0.5378787878787878,rastgele_t1
stres,2,0.8695652173913043,0.8484848484848484,rastgele_t1
stres,3,0.9130434782608695,0.9545454545454545,rastgele_t1
stres,8,0.6956521739130435,0.8409090909090909,rastgele_t1
stres,9,0.5652173913043478,0.5075757575757576,rastgele_t1
stres,10,0.7391304347826086,0.7651515151515151,rastgele_t1
stres,11,0.5652173913043478,0.6742424242424242,rastgele_t1
stres,12,0.6521739130434783,0.7651515151515151,rastgele_t1
stres,13,0.7391304347826086,0.7803030303030303,rastgele_t1
stres,14,0.6086956521739131,0.5606060606060607,rastgele_t1
stres,15,0.7391304347826086,0.803030303030303,rastgele_t1
kontrol,4,0.6086956521739131,0.5227272727272727,rastgele_t1
kontrol,5,0.7391304347826086,0.8560606060606062,rastgele_t1
kontrol,6,0.782608695652174,0.8939393939393939,rastgele_t1
kontrol,7,0.6521739130434783,0.6212121212121212,rastgele_t1
aktarim,4,0.8695652173913043,0.8939393939393938,rastgele_t1
aktarim,5,0.6956521739130435,0.75,rastgele_t1
aktarim,6,0.6956521739130435,0.75,rastgele_t1
aktarim,7,0.7391304347826086,0.7348484848484849,rastgele_t1
stres,0,0.9130434782608695,0.9924242424242424,rastgele_t2
stres,1,0.5652173913043478,0.712121212121212,rastgele_t2
stres,2,0.6956521739130435,0.7651515151515151,rastgele_t2
stres,3,0.782608695652174,0.9166666666666666,rastgele_t2
stres,8,0.6956521739130435,0.8181818181818181,rastgele_t2
stres,9,0.4782608695652174,0.4696969696969697,rastgele_t2
stres,10,0.6956521739130435,0.7878787878787878,rastgele_t2
stres,11,0.34782608695652173,0.3333333333333333,rastgele_t2
stres,12,0.782608695652174,0.7727272727272727,rastgele_t2
stres,13,0.7391304347826086,0.6893939393939394,rastgele_t2
stres,14,0.6521739130434783,0.6363636363636364,rastgele_t2
stres,15,0.7391304347826086,0.8409090909090908,rastgele_t2
kontrol,4,0.6956521739130435,0.8106060606060606,rastgele_t2
kontrol,5,0.782608695652174,0.8560606060606061,rastgele_t2
kontrol,6,0.782608695652174,0.8409090909090908,rastgele_t2
kontrol,7,0.6956521739130435,0.5454545454545454,rastgele_t2
aktarim,4,0.8695652173913043,0.9242424242424241,rastgele_t2
aktarim,5,0.782608695652174,0.8484848484848485,rastgele_t2
aktarim,6,0.6086956521739131,0.8106060606060606,rastgele_t2
aktarim,7,0.6521739130434783,0.7575757575757576,rastgele_t2
stres,0,0.9130434782608695,0.9242424242424242,rastgele_t3
stres,1,0.6956521739130435,0.696969696969697,rastgele_t3
stres,2,0.8260869565217391,0.8939393939393939,rastgele_t3
stres,3,0.8695652173913043,0.9696969696969697,rastgele_t3
stres,8,0.6086956521739131,0.7424242424242424,rastgele_t3
stres,9,0.5217391304347826,0.5378787878787878,rastgele_t3
stres,10,0.5652173913043478,0.7045454545454546,rastgele_t3
stres,11,0.5217391304347826,0.5075757575757576,rastgele_t3
stres,12,0.6956521739130435,0.7575757575757576,rastgele_t3
stres,13,0.6521739130434783,0.8787878787878788,rastgele_t3
stres,14,0.6086956521739131,0.553030303030303,rastgele_t3
stres,15,0.7391304347826086,0.8106060606060606,rastgele_t3
kontrol,4,0.8260869565217391,0.8636363636363635,rastgele_t3
kontrol,5,0.8695652173913043,0.9166666666666667,rastgele_t3
kontrol,6,0.9130434782608695,0.909090909090909,rastgele_t3
kontrol,7,0.6956521739130435,0.6060606060606061,rastgele_t3
aktarim,4,0.8695652173913043,1.0,rastgele_t3
aktarim,5,0.8260869565217391,0.8939393939393939,rastgele_t3
aktarim,6,0.6086956521739131,0.7803030303030303,rastgele_t3
aktarim,7,0.6086956521739131,0.6666666666666666,rastgele_t3
stres,0,0.7391304347826086,0.9242424242424243,rastgele_t4
stres,1,0.6956521739130435,0.6287878787878788,rastgele_t4
stres,2,0.6956521739130435,0.7196969696969697,rastgele_t4
stres,3,0.782608695652174,0.9242424242424243,rastgele_t4
stres,8,0.6956521739130435,0.803030303030303,rastgele_t4
stres,9,0.5217391304347826,0.48484848484848486,rastgele_t4
stres,10,0.5217391304347826,0.6439393939393939,rastgele_t4
stres,11,0.6086956521739131,0.5757575757575758,rastgele_t4
stres,12,0.6521739130434783,0.6666666666666666,rastgele_t4
stres,13,0.5652173913043478,0.696969696969697,rastgele_t4
stres,14,0.5217391304347826,0.5833333333333333,rastgele_t4
stres,15,0.5652173913043478,0.6136363636363636,rastgele_t4
kontrol,4,0.6521739130434783,0.6212121212121212,rastgele_t4
kontrol,5,0.8695652173913043,0.9015151515151516,rastgele_t4
kontrol,6,0.8260869565217391,0.9166666666666666,rastgele_t4
kontrol,7,0.6521739130434783,0.6515151515151515,rastgele_t4
aktarim,4,0.782608695652174,0.8333333333333333,rastgele_t4
aktarim,5,0.8260869565217391,0.7803030303030303,rastgele_t4
aktarim,6,0.6086956521739131,0.6893939393939394,rastgele_t4
aktarim,7,0.7391304347826086,0.9090909090909092,rastgele_t4
stres,0,0.8695652173913043,0.9015151515151515,rastgele_t5
stres,1,0.5217391304347826,0.6212121212121212,rastgele_t5
stres,2,0.9130434782608695,0.9621212121212122,rastgele_t5
stres,3,0.7391304347826086,0.9015151515151516,rastgele_t5
stres,8,0.7391304347826086,0.7803030303030303,rastgele_t5
stres,9,0.5652173913043478,0.5909090909090908,rastgele_t5
stres,10,0.6521739130434783,0.8257575757575758,rastgele_t5
stres,11,0.4782608695652174,0.41666666666666674,rastgele_t5
stres,12,0.6956521739130435,0.7651515151515151,rastgele_t5
stres,13,0.6956521739130435,0.75,rastgele_t5
stres,14,0.6086956521739131,0.5909090909090909,rastgele_t5
stres,15,0.7391304347826086,0.8333333333333334,rastgele_t5
kontrol,4,0.6521739130434783,0.7121212121212122,rastgele_t5
kontrol,5,0.7391304347826086,0.8030303030303031,rastgele_t5
kontrol,6,0.782608695652174,0.8257575757575757,rastgele_t5
kontrol,7,0.5652173913043478,0.5378787878787878,rastgele_t5
aktarim,4,0.7391304347826086,0.8636363636363636,rastgele_t5
aktarim,5,0.6956521739130435,0.8333333333333333,rastgele_t5
aktarim,6,0.8260869565217391,0.9242424242424243,rastgele_t5
aktarim,7,0.782608695652174,0.8636363636363636,rastgele_t5
