kol,tekrar,bitki,dogruluk,f1,auc,en_iyi_epoch
ekg,1,0,0.9565217391304348,0.9565217391304348,0.9924242424242424,6
ekg,1,1,0.6086956521739131,0.47058823529411764,0.6287878787878788,0
ekg,1,2,0.782608695652174,0.782608695652174,0.8257575757575758,10
ekg,1,3,0.8695652173913043,0.8571428571428571,0.9393939393939392,7
ekg,1,8,0.6956521739130435,0.631578947368421,0.8787878787878788,6
ekg,1,9,0.6086956521739131,0.3076923076923077,0.8181818181818181,7
ekg,1,10,0.7391304347826086,0.7,0.8863636363636362,10
ekg,1,11,0.5652173913043478,0.5454545454545454,0.5984848484848485,6
ekg,1,12,0.8260869565217391,0.8333333333333334,0.9166666666666667,11
ekg,1,13,0.7391304347826086,0.7692307692307693,0.8636363636363636,13
ekg,1,14,0.8695652173913043,0.8571428571428571,0.8787878787878789,13
ekg,1,15,0.8695652173913043,0.8695652173913043,0.9621212121212122,8
ekg,2,0,1.0,1.0,1.0,0
ekg,2,1,0.6956521739130435,0.5333333333333333,0.7651515151515151,1
ekg,2,2,0.6956521739130435,0.72,0.8257575757575758,13
ekg,2,3,0.8695652173913043,0.8695652173913043,0.9696969696969697,14
ekg,2,8,0.782608695652174,0.7368421052631579,0.9090909090909092,10
ekg,2,9,0.6956521739130435,0.5882352941176471,0.7651515151515151,14
ekg,2,10,0.4782608695652174,0.0,0.6742424242424243,3
ekg,2,11,0.6086956521739131,0.5714285714285714,0.6363636363636364,11
ekg,2,12,0.8695652173913043,0.8695652173913043,0.9090909090909092,13
ekg,2,13,0.6956521739130435,0.72,0.803030303030303,11
ekg,2,14,0.782608695652174,0.782608695652174,0.8636363636363636,7
ekg,2,15,0.9130434782608695,0.9090909090909091,0.9772727272727273,7
ekg,3,0,0.9565217391304348,0.9565217391304348,0.9924242424242424,8
ekg,3,1,0.782608695652174,0.7368421052631579,0.8181818181818181,9
ekg,3,2,0.782608695652174,0.782608695652174,0.893939393939394,14
ekg,3,3,0.8260869565217391,0.8181818181818182,0.9621212121212122,4
ekg,3,8,0.782608695652174,0.7368421052631579,0.893939393939394,14
ekg,3,9,0.6956521739130435,0.5882352941176471,0.7954545454545455,5
ekg,3,10,0.6086956521739131,0.5263157894736842,0.8257575757575757,10
ekg,3,11,0.7391304347826086,0.6666666666666666,0.7272727272727273,11
ekg,3,12,0.8260869565217391,0.8333333333333334,0.8560606060606061,10
ekg,3,13,0.7391304347826086,0.7857142857142857,0.8939393939393939,3
ekg,3,14,0.8695652173913043,0.8571428571428571,0.8560606060606061,8
ekg,3,15,0.9130434782608695,0.9090909090909091,0.9242424242424241,9
ekg,4,0,0.9130434782608695,0.9166666666666666,1.0,11
ekg,4,1,0.8260869565217391,0.8,0.8181818181818181,14
ekg,4,2,0.782608695652174,0.8148148148148148,0.909090909090909,4
ekg,4,3,0.8260869565217391,0.8461538461538461,0.9090909090909092,12
ekg,4,8,0.8260869565217391,0.8,0.9015151515151516,9
ekg,4,9,0.782608695652174,0.7368421052631579,0.8939393939393938,13
ekg,4,10,0.8260869565217391,0.8,0.9166666666666667,13
ekg,4,11,0.5652173913043478,0.5454545454545454,0.6363636363636364,13
ekg,4,12,0.7391304347826086,0.7692307692307693,0.8712121212121212,3
ekg,4,13,0.7391304347826086,0.7692307692307693,0.8484848484848485,9
ekg,4,14,0.8260869565217391,0.8,0.8257575757575757,8
ekg,4,15,0.9130434782608695,0.9090909090909091,0.9393939393939393,4
ekg,5,0,0.8260869565217391,0.8461538461538461,1.0,7
ekg,5,1,0.7391304347826086,0.7272727272727273,0.8333333333333333,5
ekg,5,2,0.8260869565217391,0.8333333333333334,0.8712121212121212,12
ekg,5,3,0.8695652173913043,0.8571428571428571,0.9166666666666667,6
ekg,5,8,0.6956521739130435,0.631578947368421,0.9090909090909092,6
ekg,5,9,0.6956521739130435,0.5882352941176471,0.8863636363636364,10
ekg,5,10,0.7391304347826086,0.75,0.8636363636363635,12
ekg,5,11,0.43478260869565216,0.38095238095238093,0.5,3
ekg,5,12,0.8695652173913043,0.8695652173913043,0.8712121212121212,9
ekg,5,13,0.6521739130434783,0.7142857142857143,0.8181818181818181,10
ekg,5,14,0.782608695652174,0.7368421052631579,0.787878787878788,4
ekg,5,15,0.782608695652174,0.7368421052631579,0.9393939393939394,1
rastgele,1,0,0.782608695652174,0.7368421052631579,0.8787878787878788,11
rastgele,1,1,0.6086956521739131,0.5263157894736842,0.5909090909090908,14
rastgele,1,2,0.5652173913043478,0.4444444444444444,0.5984848484848485,6
rastgele,1,3,0.8695652173913043,0.88,0.9848484848484849,13
rastgele,1,8,0.6521739130434783,0.6666666666666666,0.6666666666666667,11
rastgele,1,9,0.6086956521739131,0.47058823529411764,0.6439393939393938,10
rastgele,1,10,0.6956521739130435,0.6666666666666666,0.8181818181818182,7
rastgele,1,11,0.43478260869565216,0.3157894736842105,0.44696969696969696,12
rastgele,1,12,0.7391304347826086,0.75,0.8257575757575758,10
rastgele,1,13,0.782608695652174,0.8148148148148148,0.7575757575757576,13
rastgele,1,14,0.4782608695652174,0.25,0.5075757575757576,10
rastgele,1,15,0.6086956521739131,0.47058823529411764,0.75,13
rastgele,2,0,0.6956521739130435,0.7407407407407407,0.8106060606060607,12
rastgele,2,1,0.6086956521739131,0.4,0.5984848484848485,0
rastgele,2,2,0.5652173913043478,0.4444444444444444,0.6060606060606061,11
rastgele,2,3,0.9130434782608695,0.9090909090909091,0.9924242424242424,8
rastgele,2,8,0.7391304347826086,0.6666666666666666,0.7348484848484848,13
rastgele,2,9,0.5652173913043478,0.375,0.6666666666666667,9
rastgele,2,10,0.6956521739130435,0.5333333333333333,0.7348484848484849,9
rastgele,2,11,0.6521739130434783,0.6666666666666666,0.5757575757575757,10
rastgele,2,12,0.6521739130434783,0.6363636363636364,0.7272727272727273,3
rastgele,2,13,0.782608695652174,0.7619047619047619,0.8787878787878788,9
rastgele,2,14,0.5217391304347826,0.0,0.3484848484848485,3
rastgele,2,15,0.6521739130434783,0.6,0.7272727272727272,10
rastgele,3,0,0.6086956521739131,0.4,0.7803030303030303,3
rastgele,3,1,0.5217391304347826,0.42105263157894735,0.7196969696969696,11
rastgele,3,2,0.6956521739130435,0.6666666666666666,0.7424242424242424,8
rastgele,3,3,0.8695652173913043,0.8695652173913043,0.9621212121212122,14
rastgele,3,8,0.5652173913043478,0.5454545454545454,0.5833333333333333,6
rastgele,3,9,0.5217391304347826,0.42105263157894735,0.5303030303030303,13
rastgele,3,10,0.5652173913043478,0.6153846153846154,0.6136363636363636,6
rastgele,3,11,0.6956521739130435,0.72,0.5909090909090909,9
rastgele,3,12,0.8260869565217391,0.8,0.8409090909090909,9
rastgele,3,13,0.6521739130434783,0.5555555555555556,0.787878787878788,8
rastgele,3,14,0.5217391304347826,0.56,0.5,6
rastgele,3,15,0.7391304347826086,0.7272727272727273,0.6742424242424242,11
rastgele,4,0,0.6521739130434783,0.6923076923076923,0.6742424242424243,13
rastgele,4,1,0.5652173913043478,0.4444444444444444,0.6893939393939393,6
rastgele,4,2,0.6086956521739131,0.6086956521739131,0.7651515151515151,14
rastgele,4,3,0.9130434782608695,0.9,0.9924242424242424,14
rastgele,4,8,0.6086956521739131,0.64,0.7196969696969697,8
rastgele,4,9,0.5652173913043478,0.4444444444444444,0.6363636363636364,12
rastgele,4,10,0.6521739130434783,0.6,0.7348484848484849,13
rastgele,4,11,0.4782608695652174,0.6470588235294118,0.2121212121212121,0
rastgele,4,12,0.6521739130434783,0.5,0.803030303030303,7
rastgele,4,13,0.6086956521739131,0.5714285714285714,0.6818181818181819,10
rastgele,4,14,0.5217391304347826,0.47619047619047616,0.5227272727272727,13
rastgele,4,15,0.6521739130434783,0.6363636363636364,0.696969696969697,9
rastgele,5,0,0.5217391304347826,0.6666666666666666,0.8712121212121213,7
rastgele,5,1,0.6521739130434783,0.6923076923076923,0.6818181818181818,13
rastgele,5,2,0.5652173913043478,0.5833333333333334,0.6969696969696969,10
rastgele,5,3,0.7391304347826086,0.625,0.9393939393939394,13
rastgele,5,8,0.6086956521739131,0.6666666666666666,0.6742424242424242,8
rastgele,5,9,0.5217391304347826,0.5217391304347826,0.5606060606060606,11
rastgele,5,10,0.5217391304347826,0.47619047619047616,0.6439393939393939,14
rastgele,5,11,0.43478260869565216,0.13333333333333333,0.5151515151515151,7
rastgele,5,12,0.782608695652174,0.782608695652174,0.8181818181818182,7
rastgele,5,13,0.7391304347826086,0.7692307692307693,0.8257575757575757,14
rastgele,5,14,0.5652173913043478,0.5833333333333334,0.5151515151515151,6
rastgele,5,15,0.5652173913043478,0.2857142857142857,0.6439393939393939,7
